Trimestre,Setor,Estoque,Estoque_Nacional
2012q1,APU,13862079.560399186,88011180.895627081
2012q1,Comércio,2680826.9067721115,88011180.895627081
2012q1,Intermediação Financeira,1212520.3547980401,88011180.895627081
2012q1,Outros Serviços,9742892.1659881752,88011180.895627081
2012q1,Serviço de Informação,1309121.7420769404,88011180.895627081
2012q1,Serviços Imobiliários,496904.59350756987,88011180.895627081
2012q1,Transporte,4077726.9974873317,88011180.895627081
2012q2,APU,14389277.316868806,89646903.863547474
2012q2,Comércio,2775095.9768061107,89646903.863547474
2012q2,Intermediação Financeira,1262215.1405990499,89646903.863547474
2012q2,Outros Serviços,9796246.57183053,89646903.863547474
2012q2,Serviço de Informação,1384121.4378298193,89646903.863547474
2012q2,Serviços Imobiliários,541261.10352925,89646903.863547474
2012q2,Transporte,4134208.9558951678,89646903.863547474
2012q3,APU,14588553.503470011,90319782.640781522
2012q3,Comércio,2704682.676913409,90319782.640781522
2012q3,Intermediação Financeira,1250344.3729353703,90319782.640781522
2012q3,Outros Serviços,9994974.3817422464,90319782.640781522
2012q3,Serviço de Informação,1412723.3358612098,90319782.640781522
2012q3,Serviços Imobiliários,532158.17593627993,90319782.640781522
2012q3,Transporte,4172517.8757098503,90319782.640781522
2012q4,APU,14256663.754983429,90592904.2866826
2012q4,Comércio,2739717.91020789,90592904.2866826
2012q4,Intermediação Financeira,1325774.7969710196,90592904.2866826
2012q4,Outros Serviços,9913238.7504134625,90592904.2866826
2012q4,Serviço de Informação,1381441.4106822105,90592904.2866826
2012q4,Serviços Imobiliários,558374.90482887,90592904.2866826
2012q4,Transporte,4336974.2940021493,90592904.2866826
2013q1,APU,13937225.643835358,89688113.567496121
2013q1,Comércio,2771875.876879381,89688113.567496121
2013q1,Intermediação Financeira,1285086.4533874798,89688113.567496121
2013q1,Outros Serviços,9965895.7070227172,89688113.567496121
2013q1,Serviço de Informação,1377707.8262400106,89688113.567496121
2013q1,Serviços Imobiliários,549881.5838757602,89688113.567496121
2013q1,Transporte,4290860.8230223218,89688113.567496121
2013q2,APU,14388986.206520239,90849154.007396027
2013q2,Comércio,2743391.3925889297,90849154.007396027
2013q2,Intermediação Financeira,1326868.8813014498,90849154.007396027
2013q2,Outros Serviços,9868043.73603926,90849154.007396027
2013q2,Serviço de Informação,1369531.2741028802,90849154.007396027
2013q2,Serviços Imobiliários,570866.95600621984,90849154.007396027
2013q2,Transporte,4354970.7451886814,90849154.007396027
2013q3,APU,14538967.909903543,91437886.531894192
2013q3,Comércio,2733450.0994471391,91437886.531894192
2013q3,Intermediação Financeira,1281758.7053751408,91437886.531894192
2013q3,Outros Serviços,9936992.8857082445,91437886.531894192
2013q3,Serviço de Informação,1397689.7427952897,91437886.531894192
2013q3,Serviços Imobiliários,586333.05397584,91437886.531894192
2013q3,Transporte,4277699.349217739,91437886.531894192
2013q4,APU,14527328.412204882,92169991.950692892
2013q4,Comércio,2818354.8088861308,92169991.950692892
2013q4,Intermediação Financeira,1302063.7346614497,92169991.950692892
2013q4,Outros Serviços,9988659.7597944178,92169991.950692892
2013q4,Serviço de Informação,1433718.6051040902,92169991.950692892
2013q4,Serviços Imobiliários,545769.12203251,92169991.950692892
2013q4,Transporte,4266145.6630846709,92169991.950692892
2014q1,APU,14505566.964611379,91455784.681485564
2014q1,Comércio,2758500.7603041292,91455784.681485564
2014q1,Intermediação Financeira,1323940.2984923308,91455784.681485564
2014q1,Outros Serviços,9962820.8600286972,91455784.681485564
2014q1,Serviço de Informação,1428583.3079087392,91455784.681485564
2014q1,Serviços Imobiliários,530900.28686572,91455784.681485564
2014q1,Transporte,4211390.1518644011,91455784.681485564
2014q2,APU,14823669.691134702,92117555.7090969
2014q2,Comércio,2830949.2302855407,92117555.7090969
2014q2,Intermediação Financeira,1300935.44657021,92117555.7090969
2014q2,Outros Serviços,10045597.330416795,92117555.7090969
2014q2,Serviço de Informação,1418636.67982894,92117555.7090969
2014q2,Serviços Imobiliários,523575.88830591994,92117555.7090969
2014q2,Transporte,4285166.0232612221,92117555.7090969
2014q3,APU,14869462.936414564,92406710.074775174
2014q3,Comércio,2825875.7887524809,92406710.074775174
2014q3,Intermediação Financeira,1351815.9682100595,92406710.074775174
2014q3,Outros Serviços,10163418.372883903,92406710.074775174
2014q3,Serviço de Informação,1414156.4236011,92406710.074775174
2014q3,Serviços Imobiliários,544665.03465805971,92406710.074775174
2014q3,Transporte,4184252.0908285817,92406710.074775174
2014q4,APU,15061370.265464185,92961902.172442928
2014q4,Comércio,2816544.61298929,92961902.172442928
2014q4,Intermediação Financeira,1346002.0004144802,92961902.172442928
2014q4,Outros Serviços,10071849.876721581,92961902.172442928
2014q4,Serviço de Informação,1401395.83552419,92961902.172442928
2014q4,Serviços Imobiliários,614891.72119610955,92961902.172442928
2014q4,Transporte,4314503.2142466707,92961902.172442928
2015q1,APU,14650336.360283712,91961887.621159479
2015q1,Comércio,2821948.90262781,91961887.621159479
2015q1,Intermediação Financeira,1302602.1179353201,91961887.621159479
2015q1,Outros Serviços,10036370.176018175,91961887.621159479
2015q1,Serviço de Informação,1367216.4530711405,91961887.621159479
2015q1,Serviços Imobiliários,563041.71312317986,91961887.621159479
2015q1,Transporte,4339577.3261562912,91961887.621159479
2015q2,APU,14961248.904347219,92248618.0536187
2015q2,Comércio,2880591.188366469,92248618.0536187
2015q2,Intermediação Financeira,1283562.5997963203,92248618.0536187
2015q2,Outros Serviços,10045460.86459526,92248618.0536187
2015q2,Serviço de Informação,1394201.7936000598,92248618.0536187
2015q2,Serviços Imobiliários,592467.29051636974,92248618.0536187
2015q2,Transporte,4322460.5963195,92248618.0536187
2015q3,APU,15148604.676586024,92201119.226972371
2015q3,Comércio,2804332.7087666187,92201119.226972371
2015q3,Intermediação Financeira,1208575.3156125399,92201119.226972371
2015q3,Outros Serviços,10132491.84715635,92201119.226972371
2015q3,Serviço de Informação,1435350.1311008094,92201119.226972371
2015q3,Serviços Imobiliários,580926.69041145977,92201119.226972371
2015q3,Transporte,4316373.71378528,92201119.226972371
2015q4,APU,15383927.166750198,92365519.158517554
2015q4,Comércio,2859792.4377175192,92365519.158517554
2015q4,Intermediação Financeira,1209720.0980003094,92365519.158517554
2015q4,Outros Serviços,10424316.201611783,92365519.158517554
2015q4,Serviço de Informação,1318100.47560177,92365519.158517554
2015q4,Serviços Imobiliários,573625.46833060007,92365519.158517554
2015q4,Transporte,4552583.61739258,92365519.158517554
2016q1,APU,15039670.293394255,90708270.236750633
2016q1,Comércio,2883580.4484576983,90708270.236750633
2016q1,Intermediação Financeira,1271900.01015342,90708270.236750633
2016q1,Outros Serviços,10326794.43351814,90708270.236750633
2016q1,Serviço de Informação,1309083.6688605002,90708270.236750633
2016q1,Serviços Imobiliários,564759.36080262985,90708270.236750633
2016q1,Transporte,4520620.3846513592,90708270.236750633
2016q2,APU,15421747.871051731,90673079.236626223
2016q2,Comércio,2855446.1527220807,90673079.236626223
2016q2,Intermediação Financeira,1203455.4313283404,90673079.236626223
2016q2,Outros Serviços,10333351.373964045,90673079.236626223
2016q2,Serviço de Informação,1306512.18607096,90673079.236626223
2016q2,Serviços Imobiliários,520296.5367277101,90673079.236626223
2016q2,Transporte,4523967.6092934776,90673079.236626223
2016q3,APU,15478183.019458963,89821449.169341519
2016q3,Comércio,2798308.8527226411,89821449.169341519
2016q3,Intermediação Financeira,1219017.5754098,89821449.169341519
2016q3,Outros Serviços,10396860.471606344,89821449.169341519
2016q3,Serviço de Informação,1334204.3127446997,89821449.169341519
2016q3,Serviços Imobiliários,527956.70925566985,89821449.169341519
2016q3,Transporte,4524808.5033592582,89821449.169341519
2016q4,APU,15221547.280341996,90174162.802719325
2016q4,Comércio,2819292.092452229,90174162.802719325
2016q4,Intermediação Financeira,1265138.8682845102,90174162.802719325
2016q4,Outros Serviços,10351255.478499362,90174162.802719325
2016q4,Serviço de Informação,1367003.7455943502,90174162.802719325
2016q4,Serviços Imobiliários,575177.76041788,90174162.802719325
2016q4,Transporte,4639659.7424617689,90174162.802719325
2017q1,APU,14743344.719438286,88845949.03605026
2017q1,Comércio,2780082.2627686807,88845949.03605026
2017q1,Intermediação Financeira,1277188.4823583104,88845949.03605026
2017q1,Outros Serviços,10191155.769683072,88845949.03605026
2017q1,Serviço de Informação,1323313.0899352995,88845949.03605026
2017q1,Serviços Imobiliários,590594.10449337,88845949.03605026
2017q1,Transporte,4529426.4300382314,88845949.03605026
2017q2,APU,15247365.271338729,90193102.072197154
2017q2,Comércio,2732622.84412077,90193102.072197154
2017q2,Intermediação Financeira,1197295.3626802398,90193102.072197154
2017q2,Outros Serviços,10483475.909527678,90193102.072197154
2017q2,Serviço de Informação,1315780.5797316504,90193102.072197154
2017q2,Serviços Imobiliários,543429.0448209598,90193102.072197154
2017q2,Transporte,4648094.2546511684,90193102.072197154
2017q3,APU,15489465.252918454,91268206.792767525
2017q3,Comércio,2811012.6508655404,91268206.792767525
2017q3,Intermediação Financeira,1254775.5078625688,91268206.792767525
2017q3,Outros Serviços,10601429.821101757,91268206.792767525
2017q3,Serviço de Informação,1425663.1607004,91268206.792767525
2017q3,Serviços Imobiliários,562298.10761062009,91268206.792767525
2017q3,Transporte,4647191.14138671,91268206.792767525
2017q4,APU,15497595.987560794,92228431.962752208
2017q4,Comércio,2869726.87932557,92228431.962752208
2017q4,Intermediação Financeira,1284670.5092220795,92228431.962752208
2017q4,Outros Serviços,10969496.061237978,92228431.962752208
2017q4,Serviço de Informação,1355450.10155675,92228431.962752208
2017q4,Serviços Imobiliários,551108.52802607021,92228431.962752208
2017q4,Transporte,4597623.8732517688,92228431.962752208
2018q1,APU,15270951.41840555,90878795.521422073
2018q1,Comércio,2890848.75659732,90878795.521422073
2018q1,Intermediação Financeira,1264703.1034606202,90878795.521422073
2018q1,Outros Serviços,10797812.779423306,90878795.521422073
2018q1,Serviço de Informação,1324201.0092092599,90878795.521422073
2018q1,Serviços Imobiliários,545293.38256219,90878795.521422073
2018q1,Transporte,4659374.57788824,90878795.521422073
2018q2,APU,15813204.873632038,91461714.780269369
2018q2,Comércio,2759069.9517886494,91461714.780269369
2018q2,Intermediação Financeira,1256022.9247005198,91461714.780269369
2018q2,Outros Serviços,10844833.380584218,91461714.780269369
2018q2,Serviço de Informação,1330657.1457969307,91461714.780269369
2018q2,Serviços Imobiliários,568648.37958224025,91461714.780269369
2018q2,Transporte,4705942.7653229,91461714.780269369
2018q3,APU,16024926.221442146,92929736.252159566
2018q3,Comércio,2792240.32629078,92929736.252159566
2018q3,Intermediação Financeira,1275937.9452500504,92929736.252159566
2018q3,Outros Serviços,11086191.463324,92929736.252159566
2018q3,Serviço de Informação,1412537.0508246305,92929736.252159566
2018q3,Serviços Imobiliários,600926.34671803,92929736.252159566
2018q3,Transporte,4653455.107401,92929736.252159566
2018q4,APU,16099616.047078213,93533927.174106076
2018q4,Comércio,2859362.3230881095,93533927.174106076
2018q4,Intermediação Financeira,1271019.2899449195,93533927.174106076
2018q4,Outros Serviços,11110577.248206479,93533927.174106076
2018q4,Serviço de Informação,1401091.1491347798,93533927.174106076
2018q4,Serviços Imobiliários,583301.15950517973,93533927.174106076
2018q4,Transporte,4830772.1963423407,93533927.174106076
2019q1,APU,15748579.221075507,92621208.364936069
2019q1,Comércio,2798715.6441760394,92621208.364936069
2019q1,Intermediação Financeira,1309348.84555127,92621208.364936069
2019q1,Outros Serviços,10900455.653479343,92621208.364936069
2019q1,Serviço de Informação,1442967.9564923795,92621208.364936069
2019q1,Serviços Imobiliários,584809.6179119898,92621208.364936069
2019q1,Transporte,4860896.7375552719,92621208.364936069
2019q2,APU,16225645.541711167,94158956.8887117
2019q2,Comércio,2827615.7092114007,94158956.8887117
2019q2,Intermediação Financeira,1323496.0931220797,94158956.8887117
2019q2,Outros Serviços,11208663.639785556,94158956.8887117
2019q2,Serviço de Informação,1419630.58053282,94158956.8887117
2019q2,Serviços Imobiliários,572679.50660309,94158956.8887117
2019q2,Transporte,4942768.1735790009,94158956.8887117
2019q3,APU,16300769.082249571,94736611.272285759
2019q3,Comércio,2881485.59663681,94736611.272285759
2019q3,Intermediação Financeira,1307284.0483421,94736611.272285759
2019q3,Outros Serviços,11286287.826709541,94736611.272285759
2019q3,Serviço de Informação,1436400.36919669,94736611.272285759
2019q3,Serviços Imobiliários,586602.35997781972,94736611.272285759
2019q3,Transporte,4956819.39671239,94736611.272285759
2019q4,APU,16310897.158397108,95514997.140021965
2019q4,Comércio,2907900.50039108,95514997.140021965
2019q4,Intermediação Financeira,1286342.7588892505,95514997.140021965
2019q4,Outros Serviços,11479673.12911427,95514997.140021965
2019q4,Serviço de Informação,1493148.01659501,95514997.140021965
2019q4,Serviços Imobiliários,567232.71615088021,95514997.140021965
2019q4,Transporte,4987237.8225518307,95514997.140021965
2020q1,APU,16279714.522208314,93114584.548634931
2020q1,Comércio,2886756.6084112809,93114584.548634931
2020q1,Intermediação Financeira,1307499.0000188001,93114584.548634931
2020q1,Outros Serviços,10880353.136221707,93114584.548634931
2020q1,Serviço de Informação,1551998.4184266601,93114584.548634931
2020q1,Serviços Imobiliários,553418.42322314,93114584.548634931
2020q1,Transporte,4960492.8663678924,93114584.548634931
2020q2,APU,16378043.190471807,84050907.360094383
2020q2,Comércio,2567313.3512466606,84050907.360094383
2020q2,Intermediação Financeira,1249676.5747287897,84050907.360094383
2020q2,Outros Serviços,8752506.5721135,84050907.360094383
2020q2,Serviço de Informação,1482798.6036851401,84050907.360094383
2020q2,Serviços Imobiliários,515056.08434702992,84050907.360094383
2020q2,Transporte,4454352.14193848,84050907.360094383
2020q3,APU,15750774.165941291,83439420.0760775
2020q3,Comércio,2610151.42644347,83439420.0760775
2020q3,Intermediação Financeira,1210917.2838161702,83439420.0760775
2020q3,Outros Serviços,8526575.8215171061,83439420.0760775
2020q3,Serviço de Informação,1517540.9303315592,83439420.0760775
2020q3,Serviços Imobiliários,587005.23644483974,83439420.0760775
2020q3,Transporte,4261453.32515525,83439420.0760775
2020q4,APU,16173008.368702374,87225343.841576532
2020q4,Comércio,2732760.50124486,87225343.841576532
2020q4,Intermediação Financeira,1385653.7781557904,87225343.841576532
2020q4,Outros Serviços,9036056.37017791,87225343.841576532
2020q4,Serviço de Informação,1536367.5785949903,87225343.841576532
2020q4,Serviços Imobiliários,525948.1803853201,87225343.841576532
2020q4,Transporte,4413250.1097474294,87225343.841576532
2021q1,APU,16063675.553103566,87082018.503703535
2021q1,Comércio,2685702.26908131,87082018.503703535
2021q1,Intermediação Financeira,1394336.70211407,87082018.503703535
2021q1,Outros Serviços,8917078.1629005317,87082018.503703535
2021q1,Serviço de Informação,1567388.8532713894,87082018.503703535
2021q1,Serviços Imobiliários,598194.52051711013,87082018.503703535
2021q1,Transporte,4510250.7582879793,87082018.503703535
2021q2,APU,16201933.959652467,89384334.97879456
2021q2,Comércio,2774658.9569532205,89384334.97879456
2021q2,Intermediação Financeira,1370360.1520668494,89384334.97879456
2021q2,Outros Serviços,9302774.76342334,89384334.97879456
2021q2,Serviço de Informação,1705666.10205901,89384334.97879456
2021q2,Serviços Imobiliários,565184.48249996011,89384334.97879456
2021q2,Transporte,4659476.47876211,89384334.97879456
2021q3,APU,16030248.405979497,92976445.622076228
2021q3,Comércio,2874884.57341721,92976445.622076228
2021q3,Intermediação Financeira,1360091.16918884,92976445.622076228
2021q3,Outros Serviços,9821010.25617998,92976445.622076228
2021q3,Serviço de Informação,1669664.0363275597,92976445.622076228
2021q3,Serviços Imobiliários,601989.02040786017,92976445.622076228
2021q3,Transporte,4803952.9379462311,92976445.622076228
2021q4,APU,16386938.054192789,95747457.845474854
2021q4,Comércio,2922355.5591197805,95747457.845474854
2021q4,Intermediação Financeira,1435613.23512434,95747457.845474854
2021q4,Outros Serviços,10688973.347634261,95747457.845474854
2021q4,Serviço de Informação,1835026.510280591,95747457.845474854
2021q4,Serviços Imobiliários,592088.86804042011,95747457.845474854
2021q4,Transporte,4859260.3962841,95747457.845474854
2022q1,APU,16355933.636559501,95275255.952781692
2022q1,Comércio,3021523.4356948407,95275255.952781692
2022q1,Intermediação Financeira,1443234.9087126998,95275255.952781692
2022q1,Outros Serviços,10636926.469190162,95275255.952781692
2022q1,Serviço de Informação,1772262.85828157,95275255.952781692
2022q1,Serviços Imobiliários,601087.39017317,95275255.952781692
2022q1,Transporte,4981916.27532805,95275255.952781692
2022q2,APU,17094481.260624174,98268976.771059856
2022q2,Comércio,3092031.0347329592,98268976.771059856
2022q2,Intermediação Financeira,1496592.4612614803,98268976.771059856
2022q2,Outros Serviços,11031079.592066916,98268976.771059856
2022q2,Serviço de Informação,1930443.2042520898,98268976.771059856
2022q2,Serviços Imobiliários,653916.04851540015,98268976.771059856
2022q2,Transporte,5121155.2853642795,98268976.771059856
2022q3,APU,17409210.867741264,99269187.038072392
2022q3,Comércio,3118901.8443639386,99269187.038072392
2022q3,Intermediação Financeira,1536873.6926832106,99269187.038072392
2022q3,Outros Serviços,11411382.469462162,99269187.038072392
2022q3,Serviço de Informação,1797272.5289018797,99269187.038072392
2022q3,Serviços Imobiliários,661994.65659385012,99269187.038072392
2022q3,Transporte,5239550.1431184607,99269187.038072392
2022q4,APU,17586181.72144939,99369771.364139751
2022q4,Comércio,3051849.4927938003,99369771.364139751
2022q4,Intermediação Financeira,1610927.2943736804,99369771.364139751
2022q4,Outros Serviços,11302359.062309047,99369771.364139751
2022q4,Serviço de Informação,1838850.8912576,99369771.364139751
2022q4,Serviços Imobiliários,654588.50021148985,99369771.364139751
2022q4,Transporte,5340383.99667301,99369771.364139751
2023q1,APU,17171074.301055674,97824966.755814284
2023q1,Comércio,3014011.7740525696,97824966.755814284
2023q1,Intermediação Financeira,1593208.265860561,97824966.755814284
2023q1,Outros Serviços,10933541.869874638,97824966.755814284
2023q1,Serviço de Informação,1788869.112015,97824966.755814284
2023q1,Serviços Imobiliários,659665.07541538973,97824966.755814284
2023q1,Transporte,5375334.9183770223,97824966.755814284
2023q2,APU,17887285.50149285,98909564.387581617
2023q2,Comércio,3088293.3875091397,98909564.387581617
2023q2,Intermediação Financeira,1552796.3321587099,98909564.387581617
2023q2,Outros Serviços,11153540.56891764,98909564.387581617
2023q2,Serviço de Informação,1854255.4280941898,98909564.387581617
2023q2,Serviços Imobiliários,668948.16781149991,98909564.387581617
2023q2,Transporte,5339853.5398082621,98909564.387581617
2023q3,APU,18094106.291263193,99838185.978626609
2023q3,Comércio,3109691.9904866708,99838185.978626609
2023q3,Intermediação Financeira,1632221.3691086401,99838185.978626609
2023q3,Outros Serviços,11105995.037553081,99838185.978626609
2023q3,Serviço de Informação,1946838.6418132405,99838185.978626609
2023q3,Serviços Imobiliários,676777.33087347972,99838185.978626609
2023q3,Transporte,5462933.8873367812,99838185.978626609
2023q4,APU,18041110.359475709,100984562.44168948
2023q4,Comércio,3169740.4543293603,100984562.44168948
2023q4,Intermediação Financeira,1592476.2047346402,100984562.44168948
2023q4,Outros Serviços,11618994.710065117,100984562.44168948
2023q4,Serviço de Informação,2027315.0278457697,100984562.44168948
2023q4,Serviços Imobiliários,724110.05209778,100984562.44168948
2023q4,Transporte,5702201.9923646795,100984562.44168948
2024q1,APU,17721068.489548691,100202616.02575122
2024q1,Comércio,3110612.8049073615,100202616.02575122
2024q1,Intermediação Financeira,1591654.6605873497,100202616.02575122
2024q1,Outros Serviços,11373462.998382708,100202616.02575122
2024q1,Serviço de Informação,1944487.42387881,100202616.02575122
2024q1,Serviços Imobiliários,720346.22684548,100202616.02575122
2024q1,Transporte,5697282.6567822993,100202616.02575122
2024q2,APU,18572681.56303893,101830493.32410236
2024q2,Comércio,3224622.6891618706,101830493.32410236
2024q2,Intermediação Financeira,1558044.3590185007,101830493.32410236
2024q2,Outros Serviços,11467948.950152898,101830493.32410236
2024q2,Serviço de Informação,2028557.7302950998,101830493.32410236
2024q2,Serviços Imobiliários,733618.62404092983,101830493.32410236
2024q2,Transporte,5743215.0587017257,101830493.32410236
2024q3,APU,18736474.38563367,103029074.97590664
2024q3,Comércio,3307057.5252438579,103029074.97590664
2024q3,Intermediação Financeira,1610282.7130585297,103029074.97590664
2024q3,Outros Serviços,11616026.335833956,103029074.97590664
2024q3,Serviço de Informação,2017287.3700206697,103029074.97590664
2024q3,Serviços Imobiliários,717924.05755816994,103029074.97590664
2024q3,Transporte,5713801.4104752289,103029074.97590664
2024q4,APU,18730934.024244085,103817686.73100261
2024q4,Comércio,3286738.4897920894,103817686.73100261
2024q4,Intermediação Financeira,1567009.2287459106,103817686.73100261
2024q4,Outros Serviços,11616851.522631992,103817686.73100261
2024q4,Serviço de Informação,2001228.828743021,103817686.73100261
2024q4,Serviços Imobiliários,739881.73431865009,103817686.73100261
2024q4,Transporte,5998665.22636034,103817686.73100261
2025q1,APU,18062871.859376561,100510786.43462136
2025q1,Comércio,3182510.2709566904,100510786.43462136
2025q1,Intermediação Financeira,1603819.2195878495,100510786.43462136
2025q1,Outros Serviços,11138291.049434008,100510786.43462136
2025q1,Serviço de Informação,1936945.4963628897,100510786.43462136
2025q1,Serviços Imobiliários,735927.78166889015,100510786.43462136
2025q1,Transporte,5818716.1862808215,100510786.43462136
2025q2,APU,18870320.587888815,102315738.78008005
2025q2,Comércio,3296531.8865009993,102315738.78008005
2025q2,Intermediação Financeira,1658177.12496187,102315738.78008005
2025q2,Outros Serviços,11302795.06292605,102315738.78008005
2025q2,Serviço de Informação,1926574.36219686,102315738.78008005
2025q2,Serviços Imobiliários,740765.92139093974,102315738.78008005
2025q2,Transporte,5944241.4294756008,102315738.78008005
2025q3,APU,19080432.541169744,102433240.96171661
2025q3,Comércio,3345875.36652778,102433240.96171661
2025q3,Intermediação Financeira,1609736.8034627303,102433240.96171661
2025q3,Outros Serviços,11004445.205876742,102433240.96171661
2025q3,Serviço de Informação,1910837.5242408898,102433240.96171661
2025q3,Serviços Imobiliários,783104.55064458,102433240.96171661
2025q3,Transporte,5955361.1106667416,102433240.96171661