Trimestre,Setor,Estoque_Total_Setor,Estoque_TI_Setor
2012q1,APU,13862079.560399184,88074.098504450027
2012q1,Comércio,2680826.9067721106,3153.5425229300004
2012q1,Intermediação Financeira,1212520.3547980404,40086.08522373
2012q1,Outros Serviços,9742892.16598818,37801.41576027
2012q1,Serviço de Informação,1309121.7420769404,359685.38648613
2012q1,Serviços Imobiliários,496904.59350756981,3572.19379369
2012q1,Transporte,4077726.9974873303,7001.1798482200011
2012q2,APU,14389277.316868808,111374.10887192994
2012q2,Comércio,2775095.9768061112,5203.3977134100005
2012q2,Intermediação Financeira,1262215.1405990499,48849.084652299993
2012q2,Outros Serviços,9796246.5718305334,43460.681623439996
2012q2,Serviço de Informação,1384121.4378298197,370536.15954073
2012q2,Serviços Imobiliários,541261.10352924978,2829.35710026
2012q2,Transporte,4134208.9558951682,12244.58850342
2012q3,APU,14588553.503470009,117832.33925326006
2012q3,Comércio,2704682.6769134081,2652.48328807
2012q3,Intermediação Financeira,1250344.37293537,39779.673180890008
2012q3,Outros Serviços,9994974.3817422446,37752.82745706
2012q3,Serviço de Informação,1412723.3358612102,393088.97097796004
2012q3,Serviços Imobiliários,532158.17593627993,873.40369286
2012q3,Transporte,4172517.8757098503,15699.571612200001
2012q4,APU,14256663.754983425,101453.16417098
2012q4,Comércio,2739717.9102078895,3035.1405586699993
2012q4,Intermediação Financeira,1325774.7969710198,52215.203796260008
2012q4,Outros Serviços,9913238.7504134551,34912.551998049996
2012q4,Serviço de Informação,1381441.4106822102,372776.12429805007
2012q4,Serviços Imobiliários,558374.90482887032,663.39576504
2012q4,Transporte,4336974.2940021483,19838.168948190003
2013q1,APU,13937225.643835358,103364.46098886999
2013q1,Comércio,2771875.8768793815,3865.50980231
2013q1,Intermediação Financeira,1285086.4533874802,38586.20880879
2013q1,Outros Serviços,9965895.7070227172,41910.826954270007
2013q1,Serviço de Informação,1377707.8262400106,409938.51886743004
2013q1,Serviços Imobiliários,549881.58387575974,271.94041531
2013q1,Transporte,4290860.8230223209,20625.44326125
2013q2,APU,14388986.206520246,98289.713006829988
2013q2,Comércio,2743391.3925889307,6926.3633790899994
2013q2,Intermediação Financeira,1326868.8813014496,57891.922713270011
2013q2,Outros Serviços,9868043.73603926,37828.528286600013
2013q2,Serviço de Informação,1369531.2741028797,403012.90217028995
2013q2,Serviços Imobiliários,570866.95600621961,141.44417902
2013q2,Transporte,4354970.7451886814,12661.548535189999
2013q3,APU,14538967.909903545,99887.681464720008
2013q3,Comércio,2733450.0994471405,2205.7074977499997
2013q3,Intermediação Financeira,1281758.7053751398,58992.16516622
2013q3,Outros Serviços,9936992.8857082371,30928.235856670002
2013q3,Serviço de Informação,1397689.7427952897,395441.53502275003
2013q3,Serviços Imobiliários,586333.05397584022,968.28321523
2013q3,Transporte,4277699.349217739,12243.3507952
2013q4,APU,14527328.412204875,99527.177266950021
2013q4,Comércio,2818354.8088861303,5893.9453221900012
2013q4,Intermediação Financeira,1302063.73466145,51842.587961529985
2013q4,Outros Serviços,9988659.7597944178,37242.28842696
2013q4,Serviço de Informação,1433718.6051040892,402728.8764430001
2013q4,Serviços Imobiliários,545769.12203251,512.59662466000009
2013q4,Transporte,4266145.6630846681,14138.031068530003
2014q1,APU,14505566.964611385,99136.971476679988
2014q1,Comércio,2758500.7603041297,4111.976637669999
2014q1,Intermediação Financeira,1323940.2984923304,43508.87092088
2014q1,Outros Serviços,9962820.8600287,40526.162333329994
2014q1,Serviço de Informação,1428583.30790874,372526.50540736993
2014q1,Serviços Imobiliários,530900.28686572,1109.79062063
2014q1,Transporte,4211390.1518643992,12875.6243176
2014q2,APU,14823669.691134702,94655.97766641
2014q2,Comércio,2830949.23028554,5067.17663827
2014q2,Intermediação Financeira,1300935.4465702104,41675.91024773
2014q2,Outros Serviços,10045597.330416799,53140.76654963
2014q2,Serviço de Informação,1418636.6798289397,367128.79205338
2014q2,Serviços Imobiliários,523575.88830591994,2933.91677013
2014q2,Transporte,4285166.0232612211,11044.964786359998
2014q3,APU,14869462.936414562,111548.49750872998
2014q3,Comércio,2825875.7887524818,7710.6872869900017
2014q3,Intermediação Financeira,1351815.9682100597,40334.295586540007
2014q3,Outros Serviços,10163418.372883903,44164.8455185
2014q3,Serviço de Informação,1414156.4236011002,392178.17707721
2014q3,Serviços Imobiliários,544665.03465806006,3601.2830886500005
2014q3,Transporte,4184252.0908285794,17934.857352570005
2014q4,APU,15061370.265464179,128531.04769863994
2014q4,Comércio,2816544.6129892911,4900.0661642099994
2014q4,Intermediação Financeira,1346002.00041448,57811.12080728
2014q4,Outros Serviços,10071849.876721583,41977.149818500009
2014q4,Serviço de Informação,1401395.83552419,428333.66093114024
2014q4,Serviços Imobiliários,614891.72119610978,3970.7120196700002
2014q4,Transporte,4314503.21424667,12921.573200750001
2015q1,APU,14650336.360283714,112266.85044347997
2015q1,Comércio,2821948.90262781,6237.82082167
2015q1,Intermediação Financeira,1302602.1179353197,55155.831076099988
2015q1,Outros Serviços,10036370.176018167,40782.91077002
2015q1,Serviço de Informação,1367216.4530711405,424053.60906888003
2015q1,Serviços Imobiliários,563041.71312318021,3847.7324968000003
2015q1,Transporte,4339577.32615629,10889.793940970001
2015q2,APU,14961248.904347219,116355.70529725996
2015q2,Comércio,2880591.188366469,10688.03572231
2015q2,Intermediação Financeira,1283562.5997963198,43187.50877296
2015q2,Outros Serviços,10045460.864595259,39165.68496361
2015q2,Serviço de Informação,1394201.7936000605,420675.92912606994
2015q2,Serviços Imobiliários,592467.29051636986,6410.20757929
2015q2,Transporte,4322460.5963195,15202.335383760003
2015q3,APU,15148604.676586024,111089.74921503998
2015q3,Comércio,2804332.7087666187,2732.4830533199997
2015q3,Intermediação Financeira,1208575.3156125394,40083.075372430008
2015q3,Outros Serviços,10132491.847156351,40052.907194739993
2015q3,Serviço de Informação,1435350.1311008106,448355.21717736014
2015q3,Serviços Imobiliários,580926.69041146,1000.1932959
2015q3,Transporte,4316373.7137852805,16077.7917695
2015q4,APU,15383927.166750191,123664.57915668002
2015q4,Comércio,2859792.4377175206,4628.94592894
2015q4,Intermediação Financeira,1209720.09800031,42908.40276986
2015q4,Outros Serviços,10424316.20161178,50915.969866850013
2015q4,Serviço de Informação,1318100.4756017695,433608.68789685011
2015q4,Serviços Imobiliários,573625.4683306,1520.07303519
2015q4,Transporte,4552583.6173925819,14405.317870539999
2016q1,APU,15039670.293394255,114040.90767338999
2016q1,Comércio,2883580.4484577,7476.3249118800013
2016q1,Intermediação Financeira,1271900.0101534196,47482.4994487
2016q1,Outros Serviços,10326794.433518142,45585.824301340006
2016q1,Serviço de Informação,1309083.6688605,430369.67128778
2016q1,Serviços Imobiliários,564759.36080262985,1322.10417885
2016q1,Transporte,4520620.3846513592,11376.140718379997
2016q2,APU,15421747.871051734,122490.51494014
2016q2,Comércio,2855446.1527220802,8452.93142587
2016q2,Intermediação Financeira,1203455.4313283395,61422.895981010013
2016q2,Outros Serviços,10333351.373964041,53026.449575779996
2016q2,Serviço de Informação,1306512.18607096,434413.05138516997
2016q2,Serviços Imobiliários,520296.53672771016,738.76641722
2016q2,Transporte,4523967.6092934785,11502.92568462
2016q3,APU,15478183.019458961,116883.31961472999
2016q3,Comércio,2798308.8527226415,10392.51844697
2016q3,Intermediação Financeira,1219017.5754097998,52648.042053060009
2016q3,Outros Serviços,10396860.471606342,43376.279483749982
2016q3,Serviço de Informação,1334204.3127446994,440944.17251687
2016q3,Serviços Imobiliários,527956.70925566985,1851.8239201499998
2016q3,Transporte,4524808.5033592591,14645.67549102
2016q4,APU,15221547.280341994,127258.69484476
2016q4,Comércio,2819292.0924522295,10023.00154262
2016q4,Intermediação Financeira,1265138.8682845102,56097.74153811
2016q4,Outros Serviços,10351255.478499357,36819.31683863
2016q4,Serviço de Informação,1367003.7455943495,456230.35359508
2016q4,Serviços Imobiliários,575177.76041788,1461.34192019
2016q4,Transporte,4639659.7424617689,11207.2966244
2017q1,APU,14743344.719438292,119356.28833150005
2017q1,Comércio,2780082.2627686807,7397.9905430200006
2017q1,Intermediação Financeira,1277188.4823583097,55974.59080462
2017q1,Outros Serviços,10191155.769683069,40970.052513040006
2017q1,Serviço de Informação,1323313.0899353004,451768.39270846982
2017q1,Serviços Imobiliários,590594.10449336993,967.45409626
2017q1,Transporte,4529426.4300382324,13614.478696999999
2017q2,APU,15247365.271338731,113865.21254264
2017q2,Comércio,2732622.84412077,9510.3687168
2017q2,Intermediação Financeira,1197295.3626802396,53728.036504769996
2017q2,Outros Serviços,10483475.90952768,46919.705487169995
2017q2,Serviço de Informação,1315780.5797316502,455586.10163356009
2017q2,Serviços Imobiliários,543429.04482095991,1544.39804849
2017q2,Transporte,4648094.25465117,14210.93645039
2017q3,APU,15489465.252918456,111922.76336889998
2017q3,Comércio,2811012.6508655404,11053.159950899999
2017q3,Intermediação Financeira,1254775.5078625695,65119.08206025
2017q3,Outros Serviços,10601429.821101762,30637.400574160005
2017q3,Serviço de Informação,1425663.1607004006,483922.44959302992
2017q3,Serviços Imobiliários,562298.10761062,807.59435604
2017q3,Transporte,4647191.14138671,14376.702099809998
2017q4,APU,15497595.987560796,112299.52919507999
2017q4,Comércio,2869726.879325571,8796.08724649
2017q4,Intermediação Financeira,1284670.50922208,66715.595611689991
2017q4,Outros Serviços,10969496.061237983,35769.490592909991
2017q4,Serviço de Informação,1355450.1015567502,475470.35396454023
2017q4,Serviços Imobiliários,551108.52802607,1707.50507904
2017q4,Transporte,4597623.8732517716,15909.703396370001
2018q1,APU,15270951.418405553,113576.51776983001
2018q1,Comércio,2890848.7565973215,6911.6758825
2018q1,Intermediação Financeira,1264703.10346062,70225.32604033
2018q1,Outros Serviços,10797812.779423313,33684.607915699991
2018q1,Serviço de Informação,1324201.0092092606,475565.59622343007
2018q1,Serviços Imobiliários,545293.38256219006,862.98788074
2018q1,Transporte,4659374.5778882392,15918.97319462
2018q2,APU,15813204.873632045,94484.485915700017
2018q2,Comércio,2759069.9517886504,6462.81899424
2018q2,Intermediação Financeira,1256022.9247005198,59183.902964959991
2018q2,Outros Serviços,10844833.380584227,30083.676840699998
2018q2,Serviço de Informação,1330657.1457969304,452404.22236534016
2018q2,Serviços Imobiliários,568648.3795822399,1585.2308153100003
2018q2,Transporte,4705942.7653229022,10585.956938139998
2018q3,APU,16024926.221442144,113008.09377114002
2018q3,Comércio,2792240.3262907811,7051.10491769
2018q3,Intermediação Financeira,1275937.9452500504,72231.81876665
2018q3,Outros Serviços,11086191.463324003,34682.37649213001
2018q3,Serviço de Informação,1412537.0508246296,490505.28473098011
2018q3,Serviços Imobiliários,600926.3467180297,2438.2412949
2018q3,Transporte,4653455.107401,7592.892328410001
2018q4,APU,16099616.047078207,114221.78138585998
2018q4,Comércio,2859362.3230881114,6496.6421027
2018q4,Intermediação Financeira,1271019.2899449205,68140.57672381
2018q4,Outros Serviços,11110577.248206478,27040.467764
2018q4,Serviço de Informação,1401091.14913478,493892.18607849011
2018q4,Serviços Imobiliários,583301.15950518,2255.12151846
2018q4,Transporte,4830772.19634234,17977.66209467
2019q1,APU,15748579.221075509,109164.31780962997
2019q1,Comércio,2798715.6441760412,7068.39376391
2019q1,Intermediação Financeira,1309348.8455512698,58007.650733229995
2019q1,Outros Serviços,10900455.653479338,26263.21632330001
2019q1,Serviço de Informação,1442967.9564923793,502431.97435632983
2019q1,Serviços Imobiliários,584809.6179119898,1406.7371738499999
2019q1,Transporte,4860896.737555271,18407.18363336
2019q2,APU,16225645.54171117,124298.21580099
2019q2,Comércio,2827615.7092114007,6193.27851715
2019q2,Intermediação Financeira,1323496.09312208,76327.622290940024
2019q2,Outros Serviços,11208663.63978556,30186.51885752
2019q2,Serviço de Informação,1419630.5805328204,518804.26031985978
2019q2,Serviços Imobiliários,572679.50660309021,722.53829745
2019q2,Transporte,4942768.173578999,18616.63079188
2019q3,APU,16300769.082249571,109536.46401979998
2019q3,Comércio,2881485.5966368103,4413.48478102
2019q3,Intermediação Financeira,1307284.0483421,62202.033648920013
2019q3,Outros Serviços,11286287.826709542,25541.172864529995
2019q3,Serviço de Informação,1436400.3691966902,525150.91619820986
2019q3,Serviços Imobiliários,586602.35997781984,486.815247
2019q3,Transporte,4956819.3967123935,19117.353823450005
2019q4,APU,16310897.158397106,105794.09600277
2019q4,Comércio,2907900.50039108,5099.76100934
2019q4,Intermediação Financeira,1286342.7588892498,67536.872461940016
2019q4,Outros Serviços,11479673.129114266,23484.581404560002
2019q4,Serviço de Informação,1493148.0165950102,531773.77634989
2019q4,Serviços Imobiliários,567232.71615088021,2675.8555757199997
2019q4,Transporte,4987237.82255183,22754.79629324
2020q1,APU,16279714.522208314,108031.99763500999
2020q1,Comércio,2886756.60841128,5553.46690997
2020q1,Intermediação Financeira,1307499.0000187994,76572.23666955001
2020q1,Outros Serviços,10880353.136221705,35410.75586559
2020q1,Serviço de Informação,1551998.41842666,565930.4754018801
2020q1,Serviços Imobiliários,553418.42322314007,3202.09685661
2020q1,Transporte,4960492.86636789,19468.14074263
2020q2,APU,16378043.190471806,117600.11461988001
2020q2,Comércio,2567313.3512466596,2445.80518059
2020q2,Intermediação Financeira,1249676.5747287902,59277.820322859996
2020q2,Outros Serviços,8752506.5721135,26053.537985770003
2020q2,Serviço de Informação,1482798.6036851401,596735.57454565994
2020q2,Serviços Imobiliários,515056.08434702992,4310.88416578
2020q2,Transporte,4454352.14193848,16675.944442860004
2020q3,APU,15750774.165941291,145155.41499497998
2020q3,Comércio,2610151.4264434688,0.0
2020q3,Intermediação Financeira,1210917.28381617,57670.357051510007
2020q3,Outros Serviços,8526575.82151711,22908.45650735
2020q3,Serviço de Informação,1517540.9303315596,661201.84508959006
2020q3,Serviços Imobiliários,587005.23644483986,7129.75667516
2020q3,Transporte,4261453.32515525,16660.285655390002
2020q4,APU,16173008.368702374,112575.96293229998
2020q4,Comércio,2732760.50124486,4269.6467425
2020q4,Intermediação Financeira,1385653.7781557906,68389.26533356
2020q4,Outros Serviços,9036056.3701779116,30183.075371370003
2020q4,Serviço de Informação,1536367.5785949903,674640.72177242
2020q4,Serviços Imobiliários,525948.18038532,4633.6926969399992
2020q4,Transporte,4413250.1097474322,23164.620601289997
2021q1,APU,16063675.553103572,128456.95598295005
2021q1,Comércio,2685702.2690813094,11533.54467156
2021q1,Intermediação Financeira,1394336.7021140698,68215.317624089992
2021q1,Outros Serviços,8917078.1629005279,32719.21823188
2021q1,Serviço de Informação,1567388.85327139,744119.54630972014
2021q1,Serviços Imobiliários,598194.52051711013,372.04575676
2021q1,Transporte,4510250.7582879812,9427.1960765199983
2021q2,APU,16201933.959652467,136981.23493694997
2021q2,Comércio,2774658.9569532191,4613.58761909
2021q2,Intermediação Financeira,1370360.1520668494,99622.292889590011
2021q2,Outros Serviços,9302774.7634233385,25371.143891910004
2021q2,Serviço de Informação,1705666.1020590095,770776.2579795795
2021q2,Serviços Imobiliários,565184.48249996023,6588.92989493
2021q2,Transporte,4659476.4787621088,9355.2129490199986
2021q3,APU,16030248.4059795,128846.43563200993
2021q3,Comércio,2874884.5734172096,3108.52623734
2021q3,Intermediação Financeira,1360091.1691888403,74024.479315060016
2021q3,Outros Serviços,9821010.25617998,19280.595656550002
2021q3,Serviço de Informação,1669664.0363275602,703118.87893965968
2021q3,Serviços Imobiliários,601989.02040785982,7798.9766057
2021q3,Transporte,4803952.937946233,16929.64469237
2021q4,APU,16386938.054192783,111258.3472783
2021q4,Comércio,2922355.5591197796,6481.2425340499994
2021q4,Intermediação Financeira,1435613.2351243403,89130.10950424
2021q4,Outros Serviços,10688973.347634261,15398.06187657
2021q4,Serviço de Informação,1835026.5102805898,773550.38589517027
2021q4,Serviços Imobiliários,592088.86804041988,10613.290628780001
2021q4,Transporte,4859260.3962841015,14496.46021126
2022q1,APU,16355933.6365595,115616.06249723003
2022q1,Comércio,3021523.4356948403,3949.55116012
2022q1,Intermediação Financeira,1443234.9087127005,107840.87347791999
2022q1,Outros Serviços,10636926.469190162,21177.33347773
2022q1,Serviço de Informação,1772262.8582815698,719333.71196054993
2022q1,Serviços Imobiliários,601087.39017317013,2389.36153306
2022q1,Transporte,4981916.2753280494,12836.91289267
2022q2,APU,17094481.260624181,117818.66502692997
2022q2,Comércio,3092031.0347329616,5057.9697866499992
2022q2,Intermediação Financeira,1496592.4612614799,108914.51902886
2022q2,Outros Serviços,11031079.59206691,17356.6706864
2022q2,Serviço de Informação,1930443.20425209,773901.93102672033
2022q2,Serviços Imobiliários,653916.0485154,1648.8814080299999
2022q2,Transporte,5121155.2853642777,23036.738190940003
2022q3,APU,17409210.867741264,137731.29556527996
2022q3,Comércio,3118901.84436394,4063.68989806
2022q3,Intermediação Financeira,1536873.69268321,118375.42750688999
2022q3,Outros Serviços,11411382.469462158,17843.593277709995
2022q3,Serviço de Informação,1797272.5289018794,749052.51870852
2022q3,Serviços Imobiliários,661994.65659385012,5492.81262551
2022q3,Transporte,5239550.1431184616,28616.13316931
2022q4,APU,17586181.721449386,129601.97413449998
2022q4,Comércio,3051849.4927938017,5158.00656001
2022q4,Intermediação Financeira,1610927.2943736804,137073.24128972
2022q4,Outros Serviços,11302359.062309047,19723.036662209997
2022q4,Serviço de Informação,1838850.8912576002,767247.83655891
2022q4,Serviços Imobiliários,654588.50021149009,5360.4526892400008
2022q4,Transporte,5340383.9966730075,40672.0464964
2023q1,APU,17171074.30105567,127213.95945409001
2023q1,Comércio,3014011.7740525696,3153.87596862
2023q1,Intermediação Financeira,1593208.26586056,107494.26472718998
2023q1,Outros Serviços,10933541.869874639,12119.61382127
2023q1,Serviço de Informação,1788869.1120149991,769203.4563530999
2023q1,Serviços Imobiliários,659665.07541538985,7599.2877064700006
2023q1,Transporte,5375334.9183770213,45535.48541165
2023q2,APU,17887285.50149285,137160.99429541
2023q2,Comércio,3088293.38750914,5233.93605022
2023q2,Intermediação Financeira,1552796.3321587096,119508.85378782
2023q2,Outros Serviços,11153540.568917641,28745.410833229995
2023q2,Serviço de Informação,1854255.42809419,796786.03027135041
2023q2,Serviços Imobiliários,668948.16781150014,5627.5890409500007
2023q2,Transporte,5339853.5398082621,33380.7579318
2023q3,APU,18094106.291263193,136830.42233682005
2023q3,Comércio,3109691.99048667,3147.9712149499996
2023q3,Intermediação Financeira,1632221.36910864,111220.78792103002
2023q3,Outros Serviços,11105995.037553079,29082.453943530007
2023q3,Serviço de Informação,1946838.6418132409,860179.80563871993
2023q3,Serviços Imobiliários,676777.33087348007,5678.0566137900005
2023q3,Transporte,5462933.8873367775,36316.45620114
2023q4,APU,18041110.359475713,163976.24084093006
2023q4,Comércio,3169740.45432936,5451.0845804300006
2023q4,Intermediação Financeira,1592476.2047346402,131821.38477388996
2023q4,Outros Serviços,11618994.710065117,26538.36157268
2023q4,Serviço de Informação,2027315.0278457701,955934.1027311699
2023q4,Serviços Imobiliários,724110.05209778,5859.8959323
2023q4,Transporte,5702201.9923646757,33293.657883629989
2024q1,APU,17721068.489548698,135694.32924629
2024q1,Comércio,3110612.804907361,1684.05403355
2024q1,Intermediação Financeira,1591654.6605873497,122188.43049873
2024q1,Outros Serviços,11373462.998382716,17238.838861440003
2024q1,Serviço de Informação,1944487.4238788101,862831.55683867028
2024q1,Serviços Imobiliários,720346.2268454798,3510.3644865
2024q1,Transporte,5697282.6567822993,28337.40849301
2024q2,APU,18572681.563038927,137491.13391027003
2024q2,Comércio,3224622.68916187,6367.5615105000006
2024q2,Intermediação Financeira,1558044.3590185002,148753.12704167998
2024q2,Outros Serviços,11467948.9501529,19852.926953029997
2024q2,Serviço de Informação,2028557.7302951002,890342.77413163974
2024q2,Serviços Imobiliários,733618.62404093007,3743.9475162899994
2024q2,Transporte,5743215.0587017313,32109.560275559998
2024q3,APU,18736474.385633674,145229.39466025008
2024q3,Comércio,3307057.5252438597,6434.5422833300008
2024q3,Intermediação Financeira,1610282.7130585306,120425.49097199
2024q3,Outros Serviços,11616026.335833954,22560.39868321
2024q3,Serviço de Informação,2017287.3700206706,859024.77180388977
2024q3,Serviços Imobiliários,717924.05755816994,4267.13106513
2024q3,Transporte,5713801.41047523,18172.000703799997
2024q4,APU,18730934.024244078,138610.13460125003
2024q4,Comércio,3286738.48979209,4580.0922294199991
2024q4,Intermediação Financeira,1567009.22874591,146265.68122075003
2024q4,Outros Serviços,11616851.522631988,24556.85043846
2024q4,Serviço de Informação,2001228.8287430208,851952.8489170901
2024q4,Serviços Imobiliários,739881.73431865009,6284.4718624199995
2024q4,Transporte,5998665.22636034,25361.333521689998
2025q1,APU,18062871.859376561,126440.53775859
2025q1,Comércio,3182510.27095669,8214.7450737
2025q1,Intermediação Financeira,1603819.2195878497,138425.3244099
2025q1,Outros Serviços,11138291.04943401,33366.692121399996
2025q1,Serviço de Informação,1936945.4963628901,844141.0433747
2025q1,Serviços Imobiliários,735927.78166889,6327.45980599
2025q1,Transporte,5818716.1862808205,28360.44895651
2025q2,APU,18870320.587888815,133737.69978855
2025q2,Comércio,3296531.8865009993,15015.75635321
2025q2,Intermediação Financeira,1658177.12496187,158973.31426166004
2025q2,Outros Serviços,11302795.062926048,31057.94486091
2025q2,Serviço de Informação,1926574.3621968601,825910.61792998994
2025q2,Serviços Imobiliários,740765.92139094009,5570.58355405
2025q2,Transporte,5944241.4294756008,21840.939185210005
2025q3,APU,19080432.541169751,165149.70291874994
2025q3,Comércio,3345875.3665277804,6941.9195632800011
2025q3,Intermediação Financeira,1609736.8034627305,150353.06513922004
2025q3,Outros Serviços,11004445.205876745,32773.90620413
2025q3,Serviço de Informação,1910837.52424089,837404.15664424
2025q3,Serviços Imobiliários,783104.55064458,8048.052270279999
2025q3,Transporte,5955361.1106667416,30428.802750209998