Trimestre,Setor,Produtividade_Hora_Habitual,VAB_Indice_Volume,Investimento_Tech_USD
2012q1,APU,16.12179883622825,-0.5,2521234716
2012q2,APU,16.068570506384116,1.9,2675921818
2012q3,APU,15.745393908678066,-0.7,2696978633
2012q4,APU,15.948179151898705,0.1,2382736204
2013q1,APU,16.390028178619495,1.9,2522363070
2013q2,APU,16.443183613092877,-0.1,3176400693
2013q3,APU,16.472889837897135,0.8,2943923956
2013q4,APU,16.506454934215498,0.1,2998328309
2014q1,APU,16.270796239513984,-0.7,2901354986
2014q2,APU,16.294324507721708,0.6,2947831109
2014q3,APU,16.232266820609055,-0.2,2886697965
2014q4,APU,16.318249893507367,0.1,2992885811
2015q1,APU,16.380122499883587,0.2,2787749436
2015q2,APU,16.233316142507288,-0.4,2114583712
2015q3,APU,16.182068413428848,0.4,1823807966
2015q4,APU,15.893070392244717,0.3,1654338141
2016q1,APU,16.1631767407501,-0.9,1630658015
2016q2,APU,16.115466149217426,1.0,1819934791
2016q3,APU,15.880975657483871,0.0,1832561168
2016q4,APU,15.89181182743777,-0.5,2126829656
2017q1,APU,16.288663997049156,-0.1,2182272475
2017q2,APU,16.21063759634622,0.7,2291272951
2017q3,APU,16.023833157007022,0.3,2452100304
2017q4,APU,15.905747489738557,-0.1,2647083792
2018q1,APU,16.06916797185889,0.1,2489705612
2018q2,APU,15.886980067005533,-0.3,2640118823
2018q3,APU,15.654513566110031,0.2,2587367295
2018q4,APU,15.57487955538826,-0.8,2491772963
2019q1,APU,15.793228956622155,0.6,2532575122
2019q2,APU,15.67648634388673,-0.3,2565062774
2019q3,APU,15.488549407574933,-0.6,2376642871
2019q4,APU,15.40667609575425,0.3,2503083604
2020q1,APU,15.336637045542917,-0.9,2357524519
2020q2,APU,13.5254111071483,-7.8,2014228419
2020q3,APU,14.464795395183197,3.2,2690365501
2020q4,APU,14.373715667735809,2.5,2803870802
2021q1,APU,14.583591827354287,0.1,2671732039
2021q2,APU,14.836129891547559,0.6,2580148771
2021q3,APU,15.44847218928336,1.1,2795427895
2021q4,APU,15.350826313415594,1.7,2907096620
2022q1,APU,15.401624867091936,0.4,2938566873
2022q2,APU,14.67643760818152,-1.5,3216294182
2022q3,APU,14.576988061489452,1.2,3079200592
2022q4,APU,14.427858993902186,-0.5,2866615674
2023q1,APU,14.897136745887666,1.1,2711131832
2023q2,APU,14.705913657919854,0.7,2544826275
2023q3,APU,14.818270573797161,0.2,2556798065
2023q4,APU,14.621179124300268,-0.1,2532091527
2024q1,APU,14.816455847926072,0.2,2844413599
2024q2,APU,14.347811684091127,1.2,2904596545
2024q3,APU,14.458932751000741,0.4,3303829108
2024q4,APU,14.199738058714434,-0.3,2902963725
2025q1,APU,14.367914521626435,0.3,2941039990
2025q2,APU,14.045850780378998,-0.1,2751417297
2025q3,APU,14.227183939695822,0.4,3149891124
2025q4,APU,13.845407110633426,0.4,3374316549
2012q1,Comércio,6.014877528628354,0.7,2521234716
2012q2,Comércio,6.329422949909522,1.1,2675921818
2012q3,Comércio,6.686881257352775,1.6,2696978633
2012q4,Comércio,6.54028292297754,0.1,2382736204
2013q1,Comércio,6.1629479525616775,0.7,2522363070
2013q2,Comércio,6.488703199594344,1.9,3176400693
2013q3,Comércio,6.622218107906998,0.4,2943923956
2013q4,Comércio,6.567010146829572,-0.1,2998328309
2014q1,Comércio,6.239992970671116,1.9,2901354986
2014q2,Comércio,6.310250754495741,-3.2,2947831109
2014q3,Comércio,6.656273988010388,0.9,2886697965
2014q4,Comércio,6.656447338602396,0.5,2992885811
2015q1,Comércio,6.082267326470012,-2.3,2787749436
2015q2,Comércio,5.933257129386273,-4.4,2114583712
2015q3,Comércio,6.040147165305234,-2.6,1823807966
2015q4,Comércio,6.022225470823996,-2.1,1654338141
2016q1,Comércio,5.574411383936897,-1.8,1630658015
2016q2,Comércio,5.694926960907686,-0.6,1819934791
2016q3,Comércio,6.027748225788203,-1.0,1832561168
2016q4,Comércio,5.8663352943352205,-0.4,2126829656
2017q1,Comércio,5.582418400857186,0.2,2182272475
2017q2,Comércio,5.811016120815391,2.7,2291272951
2017q3,Comércio,6.219077343946774,1.5,2452100304
2017q4,Comércio,6.093050124283714,0.8,2647083792
2018q1,Comércio,5.820831685439718,0.9,2489705612
2018q2,Comércio,5.932615973339941,-0.4,2640118823
2018q3,Comércio,6.249800883692882,0.3,2587367295
2018q4,Comércio,6.104867195381118,-0.3,2491772963
2019q1,Comércio,5.7776497604191235,0.4,2532575122
2019q2,Comércio,5.942878844021746,1.2,2565062774
2019q3,Comércio,6.334405611428471,0.8,2376642871
2019q4,Comércio,6.189200037745078,0.3,2503083604
2020q1,Comércio,5.979222353980856,0.2,2357524519
2020q2,Comércio,5.947771864316669,-13.7,2014228419
2020q3,Comércio,7.296456331094155,15.9,2690365501
2020q4,Comércio,7.12445213754089,3.2,2803870802
2021q1,Comércio,6.68877847521496,-0.2,2671732039
2021q2,Comércio,6.620746643857222,-1.7,2580148771
2021q3,Comércio,6.548496249153142,0.2,2795427895
2021q4,Comércio,6.282108054969037,0.6,2907096620
2022q1,Comércio,5.802089877667544,-0.4,2938566873
2022q2,Comércio,5.867670206024053,1.6,3216294182
2022q3,Comércio,6.1671829547579256,0.1,3079200592
2022q4,Comércio,6.065555906963612,-0.2,2866615674
2023q1,Comércio,5.744602016716882,0.3,2711131832
2023q2,Comércio,5.983523984125614,0.3,2544826275
2023q3,Comércio,6.322320455039056,0.2,2556798065
2023q4,Comércio,6.072798374939785,-0.5,2532091527
2024q1,Comércio,5.849036596647578,2.7,2844413599
2024q2,Comércio,6.049778604681248,1.3,2904596545
2024q3,Comércio,6.3747385713978675,0.5,3303829108
2024q4,Comércio,6.178362191131488,0.2,2902963725
2025q1,Comércio,5.82068373181038,0.4,2941039990
2025q2,Comércio,5.926894091437871,-0.1,2751417297
2025q3,Comércio,6.426736229583584,0.4,3149891124
2025q4,Comércio,6.148060024021327,-0.3,3374316549
2012q1,Intermediação Financeira,45.32831294069695,-0.3,2521234716
2012q2,Intermediação Financeira,43.47970060029653,-0.3,2675921818
2012q3,Intermediação Financeira,44.66390708610377,0.0,2696978633
2012q4,Intermediação Financeira,43.40446080093396,1.5,2382736204
2013q1,Intermediação Financeira,42.9276200228463,-0.7,2522363070
2013q2,Intermediação Financeira,42.77344248027904,2.7,3176400693
2013q3,Intermediação Financeira,44.45571845226495,-0.2,2943923956
2013q4,Intermediação Financeira,44.135461570013184,-1.6,2998328309
2014q1,Intermediação Financeira,42.82200050424401,0.5,2901354986
2014q2,Intermediação Financeira,43.24858709431869,-0.4,2947831109
2014q3,Intermediação Financeira,42.18604604604595,-0.2,2886697965
2014q4,Intermediação Financeira,43.26565044240226,0.0,2992885811
2015q1,Intermediação Financeira,43.575776165609945,-0.2,2787749436
2015q2,Intermediação Financeira,43.75451300436463,-0.7,2114583712
2015q3,Intermediação Financeira,46.338008015798486,-0.3,1823807966
2015q4,Intermediação Financeira,47.76336439454321,-0.4,1654338141
2016q1,Intermediação Financeira,43.03792630530189,-0.7,1630658015
2016q2,Intermediação Financeira,44.76965117741305,-1.7,1819934791
2016q3,Intermediação Financeira,43.210839297599684,-1.3,1832561168
2016q4,Intermediação Financeira,42.57000523768977,-0.8,2126829656
2017q1,Intermediação Financeira,40.45813359943225,-0.1,2182272475
2017q2,Intermediação Financeira,43.73229410990746,0.7,2291272951
2017q3,Intermediação Financeira,41.64991586634351,-0.4,2452100304
2017q4,Intermediação Financeira,42.67392726787711,1.1,2647083792
2018q1,Intermediação Financeira,41.72488174677449,-0.3,2489705612
2018q2,Intermediação Financeira,42.646573000321574,1.1,2640118823
2018q3,Intermediação Financeira,41.801993896689766,-0.3,2587367295
2018q4,Intermediação Financeira,43.22311972389763,-0.7,2491772963
2019q1,Intermediação Financeira,40.50922880740979,1.2,2532575122
2019q2,Intermediação Financeira,40.027234723660776,-0.8,2565062774
2019q3,Intermediação Financeira,41.4986672203437,1.3,2376642871
2019q4,Intermediação Financeira,43.938554996120125,0.8,2503083604
2020q1,Intermediação Financeira,40.8892716208699,-0.8,2357524519
2020q2,Intermediação Financeira,46.06563681941588,4.0,2014228419
2020q3,Intermediação Financeira,47.12139171232999,0.6,2690365501
2020q4,Intermediação Financeira,41.86635367670437,-1.1,2803870802
2021q1,Intermediação Financeira,38.90220675923479,-0.6,2671732039
2021q2,Intermediação Financeira,39.35349875910707,-0.6,2580148771
2021q3,Intermediação Financeira,40.55973201735893,-1.0,2795427895
2021q4,Intermediação Financeira,40.41193261697225,1.6,2907096620
2022q1,Intermediação Financeira,37.45054965745948,-1.9,2938566873
2022q2,Intermediação Financeira,35.61724529183096,-0.2,3216294182
2022q3,Intermediação Financeira,36.434806918181366,2.0,3079200592
2022q4,Intermediação Financeira,36.278450015676384,1.4,2866615674
2023q1,Intermediação Financeira,35.91748814669867,3.0,2711131832
2023q2,Intermediação Financeira,37.03029944390921,1.3,2544826275
2023q3,Intermediação Financeira,37.13186459841968,1.7,2556798065
2023q4,Intermediação Financeira,39.64436697266555,1.9,2532091527
2024q1,Intermediação Financeira,38.41798205950623,0.9,2844413599
2024q2,Intermediação Financeira,39.841832925325505,1.5,2904596545
2024q3,Intermediação Financeira,39.82397165647628,1.7,3303829108
2024q4,Intermediação Financeira,41.7032111021718,-0.4,2902963725
2025q1,Intermediação Financeira,37.59789429183682,0.6,2941039990
2025q2,Intermediação Financeira,36.94963808525544,1.3,2751417297
2025q3,Intermediação Financeira,38.53255936522224,-0.7,3149891124
2025q4,Intermediação Financeira,40.13323610850129,3.3,3374316549
2012q1,Outros Serviços,5.554439482097426,0.7,2521234716
2012q2,Outros Serviços,5.790111308153887,1.7,2675921818
2012q3,Outros Serviços,5.863402997417075,1.1,2696978633
2012q4,Outros Serviços,6.174225840061996,1.8,2382736204
2013q1,Outros Serviços,5.655375119417294,-1.6,2522363070
2013q2,Outros Serviços,5.817465972022738,0.2,3176400693
2013q3,Outros Serviços,5.906944545097087,1.5,2943923956
2013q4,Outros Serviços,6.082950431391185,1.3,2998328309
2014q1,Outros Serviços,5.684224760600106,0.8,2901354986
2014q2,Outros Serviços,5.734706154089994,-0.5,2947831109
2014q3,Outros Serviços,5.7266716373597335,-0.3,2886697965
2014q4,Outros Serviços,5.80982971356353,-0.3,2992885811
2015q1,Outros Serviços,5.48118689628172,-0.9,2787749436
2015q2,Outros Serviços,5.478560903299965,-1.6,2114583712
2015q3,Outros Serviços,5.4434624488651915,-2.5,1823807966
2015q4,Outros Serviços,5.610217712155797,0.3,1654338141
2016q1,Outros Serviços,5.359792842071396,0.0,1630658015
2016q2,Outros Serviços,5.434250377371557,0.2,1819934791
2016q3,Outros Serviços,5.477971510292515,-0.4,1832561168
2016q4,Outros Serviços,5.545378580324175,-0.4,2126829656
2017q1,Outros Serviços,5.244319769614192,0.2,2182272475
2017q2,Outros Serviços,5.361835714968258,1.2,2291272951
2017q3,Outros Serviços,5.372202827831957,0.7,2452100304
2017q4,Outros Serviços,5.372020411992316,-0.3,2647083792
2018q1,Outros Serviços,5.189246424503944,1.9,2489705612
2018q2,Outros Serviços,5.405154002580956,0.9,2640118823
2018q3,Outros Serviços,5.419029162420177,1.1,2587367295
2018q4,Outros Serviços,5.4161145314608925,-0.5,2491772963
2019q1,Outros Serviços,5.216141210573148,2.0,2532575122
2019q2,Outros Serviços,5.287161987882654,0.1,2565062774
2019q3,Outros Serviços,5.31026406156241,0.0,2376642871
2019q4,Outros Serviços,5.406725748727042,1.3,2503083604
2020q1,Outros Serviços,5.114104460764542,-3.3,2357524519
2020q2,Outros Serviços,5.083290599395005,-16.6,2014228419
2020q3,Outros Serviços,5.866627000186742,8.9,2690365501
2020q4,Outros Serviços,6.055321444513025,6.2,2803870802
2021q1,Outros Serviços,5.736122913016091,1.6,2671732039
2021q2,Outros Serviços,5.731276057072719,1.2,2580148771
2021q3,Outros Serviços,5.844056020182682,4.6,2795427895
2021q4,Outros Serviços,5.709401614569009,0.6,2907096620
2022q1,Outros Serviços,5.522712600895078,4.5,2938566873
2022q2,Outros Serviços,5.69815784455357,3.1,3216294182
2022q3,Outros Serviços,5.866204469082493,2.3,3079200592
2022q4,Outros Serviços,5.94864811063643,0.2,2866615674
2023q1,Outros Serviços,5.619821361727899,-0.1,2711131832
2023q2,Outros Serviços,5.714329762375752,0.8,2544826275
2023q3,Outros Serviços,5.8251884843417905,0.8,2556798065
2023q4,Outros Serviços,5.924616528700491,1.4,2532091527
2024q1,Outros Serviços,5.680515623984122,1.3,2844413599
2024q2,Outros Serviços,5.771200390877442,1.5,2904596545
2024q3,Outros Serviços,5.9498442010089825,1.6,3303829108
2024q4,Outros Serviços,5.9613499307812186,-0.3,2902963725
2025q1,Outros Serviços,5.67155515767565,0.6,2941039990
2025q2,Outros Serviços,5.784281896817535,0.7,2751417297
2025q3,Outros Serviços,5.944329312102354,0.1,3149891124
2025q4,Outros Serviços,6.022592370569354,0.7,3374316549
2012q1,Serviço de Informação,18.595618151788255,2.0,2521234716
2012q2,Serviço de Informação,18.114704007121603,1.2,2675921818
2012q3,Serviço de Informação,18.31873840436385,3.6,2696978633
2012q4,Serviço de Informação,20.127159626239727,1.6,2382736204
2013q1,Serviço de Informação,18.425847233848465,-1.4,2522363070
2013q2,Serviço de Informação,19.24487154981433,1.9,3176400693
2013q3,Serviço de Informação,18.805702442294,-0.8,2943923956
2013q4,Serviço de Informação,20.434999758087788,4.4,2998328309
2014q1,Serviço de Informação,19.047209368815505,0.9,2901354986
2014q2,Serviço de Informação,19.618078229049598,1.1,2947831109
2014q3,Serviço de Informação,19.72506508174521,0.2,2886697965
2014q4,Serviço de Informação,21.126750356813094,0.4,2992885811
2015q1,Serviço de Informação,20.351685379667142,1.0,2787749436
2015q2,Serviço de Informação,19.695954319323562,-2.4,2114583712
2015q3,Serviço de Informação,18.755546656726196,-1.0,1823807966
2015q4,Serviço de Informação,21.753145865147015,-1.3,1654338141
2016q1,Serviço de Informação,20.664639490167463,0.5,1630658015
2016q2,Serviço de Informação,20.592276517944725,-0.1,1819934791
2016q3,Serviço de Informação,20.46784393474229,1.1,1832561168
2016q4,Serviço de Informação,20.559978173581577,-3.8,2126829656
2017q1,Serviço de Informação,20.447603416147274,4.1,2182272475
2017q2,Serviço de Informação,20.509483397300606,-0.7,2291272951
2017q3,Serviço de Informação,19.156861410534095,0.3,2452100304
2017q4,Serviço de Informação,21.66676601663784,0.4,2647083792
2018q1,Serviço de Informação,20.457002403466102,-0.2,2489705612
2018q2,Serviço de Informação,20.927592266174575,2.1,2640118823
2018q3,Serviço de Informação,19.80445667592272,0.1,2587367295
2018q4,Serviço de Informação,21.22228573192658,0.3,2491772963
2019q1,Serviço de Informação,19.439232329363907,2.4,2532575122
2019q2,Serviço de Informação,20.138519719810947,0.9,2565062774
2019q3,Serviço de Informação,20.17011641835823,0.7,2376642871
2019q4,Serviço de Informação,21.22693797614415,0.3,2503083604
2020q1,Serviço de Informação,18.539745377979884,2.0,2357524519
2020q2,Serviço de Informação,19.567715011723298,-4.3,2014228419
2020q3,Serviço de Informação,19.411552602229726,2.7,2690365501
2020q4,Serviço de Informação,21.630739896407544,4.6,2803870802
2021q1,Serviço de Informação,19.762517271983878,4.5,2671732039
2021q2,Serviço de Informação,19.501592600226715,4.8,2580148771
2021q3,Serviço de Informação,20.68140271674186,1.5,2795427895
2021q4,Serviço de Informação,20.435047889536513,3.1,2907096620
2022q1,Serviço de Informação,18.729511940381887,-3.0,2938566873
2022q2,Serviço de Informação,17.96438962857089,2.8,3216294182
2022q3,Serviço de Informação,20.270303268240646,3.1,3079200592
2022q4,Serviço de Informação,21.63108200593537,1.9,2866615674
2023q1,Serviço de Informação,19.772707205032052,-1.6,2711131832
2023q2,Serviço de Informação,19.683966737463237,1.0,2544826275
2023q3,Serviço de Informação,19.225779977748065,0.1,2556798065
2023q4,Serviço de Informação,19.85349576025124,0.8,2532091527
2024q1,Serviço de Informação,18.931647280481258,2.6,2844413599
2024q2,Serviço de Informação,18.735432906043336,1.7,2904596545
2024q3,Serviço de Informação,19.90195161140835,2.5,3303829108
2024q4,Serviço de Informação,21.234049376624128,-0.5,2902963725
2025q1,Serviço de Informação,19.89614093014248,2.9,2941039990
2025q2,Serviço de Informação,20.621796305084096,1.4,2751417297
2025q3,Serviço de Informação,21.717915961003285,1.3,3149891124
2025q4,Serviço de Informação,22.698643225200605,1.5,3374316549
2012q1,Serviços Imobiliários,136.3360394750919,1.8,2521234716
2012q2,Serviços Imobiliários,125.73986671543398,2.7,2675921818
2012q3,Serviços Imobiliários,129.96808313564856,0.8,2696978633
2012q4,Serviços Imobiliários,125.37164824012862,0.7,2382736204
2013q1,Serviços Imobiliários,127.83788195003017,2.8,2522363070
2013q2,Serviços Imobiliários,125.73892457735597,0.6,3176400693
2013q3,Serviços Imobiliários,121.20390038022775,0.6,2943923956
2013q4,Serviços Imobiliários,133.0938193867339,0.3,2998328309
2014q1,Serviços Imobiliários,137.99522192755876,0.1,2901354986
2014q2,Serviços Imobiliários,140.4319145888976,-0.3,2947831109
2014q3,Serviços Imobiliários,135.45635136102888,0.1,2886697965
2014q4,Serviços Imobiliários,120.0801905413853,0.7,2992885811
2015q1,Serviços Imobiliários,131.16486683178698,-0.6,2787749436
2015q2,Serviços Imobiliários,125.72507155135547,-0.6,2114583712
2015q3,Serviços Imobiliários,125.88449110283544,0.2,1823807966
2015q4,Serviços Imobiliários,132.34020772550002,0.1,1654338141
2016q1,Serviços Imobiliários,134.39616776892572,0.3,1630658015
2016q2,Serviços Imobiliários,142.4727469079522,-0.2,1819934791
2016q3,Serviços Imobiliários,137.46846437112433,-0.3,1832561168
2016q4,Serviços Imobiliários,129.31292224828726,0.1,2126829656
2017q1,Serviços Imobiliários,124.90890453608661,0.5,2182272475
2017q2,Serviços Imobiliários,137.78939202321183,0.8,2291272951
2017q3,Serviços Imobiliários,135.6080952737896,0.5,2452100304
2017q4,Serviços Imobiliários,142.66800794287423,0.5,2647083792
2018q1,Serviços Imobiliários,139.69797717150988,1.3,2489705612
2018q2,Serviços Imobiliários,136.65097588438587,1.0,2640118823
2018q3,Serviços Imobiliários,133.69528669321437,0.7,2587367295
2018q4,Serviços Imobiliários,137.9588635089006,0.9,2491772963
2019q1,Serviços Imobiliários,138.28332499917352,0.5,2532575122
2019q2,Serviços Imobiliários,143.37802169549033,1.0,2565062774
2019q3,Serviços Imobiliários,138.30819123123985,0.0,2376642871
2019q4,Serviços Imobiliários,142.6404342639497,-0.4,2503083604
2020q1,Serviços Imobiliários,148.08496042197402,1.1,2357524519
2020q2,Serviços Imobiliários,159.0317124338443,0.2,2014228419
2020q3,Serviços Imobiliários,144.0613903896946,0.7,2690365501
2020q4,Serviços Imobiliários,156.61754245980103,0.7,2803870802
2021q1,Serviços Imobiliários,138.01465913380142,0.6,2671732039
2021q2,Serviços Imobiliários,148.32025670166064,0.2,2580148771
2021q3,Serviços Imobiliários,140.46734639853693,-0.1,2795427895
2021q4,Serviços Imobiliários,146.3004319573103,1.0,2907096620
2022q1,Serviços Imobiliários,140.72464169230327,-0.4,2938566873
2022q2,Serviços Imobiliários,129.79960938625015,0.9,3216294182
2022q3,Serviços Imobiliários,129.5668030421865,0.9,3079200592
2022q4,Serviços Imobiliários,133.1740149825458,1.0,2866615674
2023q1,Serviços Imobiliários,131.05216017396228,0.3,2711131832
2023q2,Serviços Imobiliários,132.63079572268916,0.6,2544826275
2023q3,Serviços Imobiliários,134.94213354398735,1.1,2556798065
2023q4,Serviços Imobiliários,125.66374005299424,0.6,2532091527
2024q1,Serviços Imobiliários,125.4738107776613,1.1,2844413599
2024q2,Serviços Imobiliários,125.27461479633968,0.7,2904596545
2024q3,Serviços Imobiliários,131.07973204022443,0.7,3303829108
2024q4,Serviços Imobiliários,127.48320689366143,0.1,2902963725
2025q1,Serviços Imobiliários,121.48920125554164,0.4,2941039990
2025q2,Serviços Imobiliários,122.78030395832127,0.8,2751417297
2025q3,Serviços Imobiliários,117.55591583481579,0.6,3149891124
2025q4,Serviços Imobiliários,112.96185152126372,0.2,3374316549
2012q1,Transporte,8.098424795303348,-0.8,2521234716
2012q2,Transporte,8.318035811221966,1.0,2675921818
2012q3,Transporte,8.9328736573766,3.8,2696978633
2012q4,Transporte,8.413826642197272,-1.6,2382736204
2013q1,Transporte,7.920767208307253,-1.0,2522363070
2013q2,Transporte,8.506449215751456,4.7,3176400693
2013q3,Transporte,8.931665295418062,-1.0,2943923956
2013q4,Transporte,8.88039669197459,-0.6,2998328309
2014q1,Transporte,8.61706218186567,1.2,2901354986
2014q2,Transporte,8.647381288364924,-0.8,2947831109
2014q3,Transporte,9.458415075209835,1.3,2886697965
2014q4,Transporte,9.048438524411138,0.2,2992885811
2015q1,Transporte,8.260098261772711,-2.8,2787749436
2015q2,Transporte,8.368347537362474,-1.9,2114583712
2015q3,Transporte,8.86015721011828,-0.7,1823807966
2015q4,Transporte,8.242262476321207,-1.5,1654338141
2016q1,Transporte,7.685418077744671,-1.9,1630658015
2016q2,Transporte,7.837977469965152,-0.8,1819934791
2016q3,Transporte,8.061513084111011,-2.2,1832561168
2016q4,Transporte,7.616464052326727,-0.6,2126829656
2017q1,Transporte,7.576726706173601,1.5,2182272475
2017q2,Transporte,7.66345231205518,1.4,2291272951
2017q3,Transporte,8.078574747848693,0.4,2452100304
2017q4,Transporte,8.054602030450665,0.6,2647083792
2018q1,Transporte,7.5721551341323705,0.4,2489705612
2018q2,Transporte,7.57545479747281,-0.9,2640118823
2018q3,Transporte,8.221972659919711,3.1,2587367295
2018q4,Transporte,7.729694442583289,-1.1,2491772963
2019q1,Transporte,7.339843410145462,0.0,2532575122
2019q2,Transporte,7.290930843652302,-0.3,2565062774
2019q3,Transporte,7.6560186323239945,0.4,2376642871
2019q4,Transporte,7.343335742157271,-1.2,2503083604
2020q1,Transporte,6.868686277549541,-3.2,2357524519
2020q2,Transporte,6.2016590001219445,-19.8,2014228419
2020q3,Transporte,7.529530474321019,10.5,2690365501
2020q4,Transporte,7.661222326585646,6.8,2803870802
2021q1,Transporte,7.292865420053443,2.1,2671732039
2021q2,Transporte,7.24315999594775,-0.9,2580148771
2021q3,Transporte,7.264625417156353,0.6,2795427895
2021q4,Transporte,7.203547629807361,2.4,2907096620
2022q1,Transporte,7.119055846922645,3.6,2938566873
2022q2,Transporte,7.139442935117776,1.9,3216294182
2022q3,Transporte,7.285938844752196,1.5,3079200592
2022q4,Transporte,7.109169704070152,1.3,2866615674
2023q1,Transporte,6.944586699074939,0.2,2711131832
2023q2,Transporte,7.231692115789653,1.2,2544826275
2023q3,Transporte,7.222097776947261,-1.2,2556798065
2023q4,Transporte,6.670098921966591,-1.1,2532091527
2024q1,Transporte,6.5334740076224005,2.0,2844413599
2024q2,Transporte,6.736764480539492,0.4,2904596545
2024q3,Transporte,6.981416866600834,0.4,3303829108
2024q4,Transporte,6.586140581112395,0.8,2902963725
2025q1,Transporte,6.342872666716435,-0.4,2941039990
2025q2,Transporte,6.453045767077026,1.0,2751417297
2025q3,Transporte,6.872321288424383,2.6,3149891124
2025q4,Transporte,6.533907413385637,-1.4,3374316549
