Setor,Trimestre,Period,d_ln_Produtividade,Impacto_tech_setor,d_ln_Cambio,d_Selic,VAB_Industria_Volume,Share_2012q1,d_ln_PPI_Semi
APU,2012q2,2012-04-01,-0.0033070995731905,0.0093785810122951,0.1049078733506749,-1.4366666666666674,-2.1,0.1575036196462163,0.0016727073875033582
APU,2012q3,2012-07-01,-0.020317349359225,0.0012345442059884,0.0327679155782643,-1.0999999999999996,1.5,0.1575036196462163,-0.006707683059238967
APU,2012q4,2012-10-01,0.0127967907014974,-0.0195119624393305,0.0145497445022559,-0.5933333333333328,-0.9,0.1575036196462163,-0.006188486698114559
APU,2013q1,2013-01-01,0.0273284490525278,0.0089693106607415,-0.0309498006463821,-0.0499999999999989,0.3,0.1575036196462163,-0.003958161797628534
APU,2013q2,2013-04-01,0.0032379093005561,0.0363128548257446,0.0365370388477542,0.3999999999999986,2.9,0.1575036196462163,0.007900718298437859
APU,2013q3,2013-07-01,0.0018049681966778,-0.0119711142472646,0.1002605765260633,0.9999999999999992,0.5,0.1575036196462163,0.0011235956238264677
APU,2013q4,2013-10-01,0.0020355230305293,0.0028841326743179,-0.0051700080106414,1.0066666666666677,-0.8,0.1575036196462163,0.0
APU,2014q1,2014-01-01,-0.014379653383449,-0.0051782525829233,0.0377159237511521,0.8833333333333329,0.1,0.1575036196462163,-0.009024313922264326
APU,2014q2,2014-04-01,0.0014449983148723,0.0025030188948782,-0.0584731026871309,0.4733333333333345,-2.5,0.1575036196462163,-0.0022688608711911584
APU,2014q3,2014-07-01,-0.0038158171439022,-0.0033007098679127,0.0201713129360647,0.0099999999999997,-0.5,0.1575036196462163,0.0011350739016640077
APU,2014q4,2014-10-01,0.0052830665418528,0.0056897867424833,0.1122214031785634,0.3166666666666664,0.8,0.1575036196462163,-0.0005673759017454927
APU,2015q1,2015-01-01,0.0037844501540993,-0.0111833018899547,0.1177350169727408,0.966666666666665,-2.1,0.1575036196462163,-0.0011357184639271267
APU,2015q2,2015-04-01,-0.0090028745855801,-0.0435303227452278,0.070384187388818,0.9533333333333333,-2.8,0.1575036196462163,-0.0022753138371358617
APU,2015q3,2015-07-01,-0.0031619413113768,-0.0232997250271868,0.143980752105993,0.860000000000003,-2.0,0.1575036196462163,-0.005138464061005266
APU,2015q4,2015-10-01,-0.018020551285363,-0.0153606334761667,0.0797658766568645,0.1533333333333324,-1.7,0.1575036196462163,-0.002866152721608728
APU,2016q1,2016-01-01,0.0168524244254877,-0.0022707911890344,0.0173968279015088,0.0,-0.2,0.1575036196462163,-0.007490671729157405
APU,2016q2,2016-04-01,-0.0029561729989935,0.0172965825248709,-0.1079593239456664,0.0,-0.6,0.1575036196462163,-0.002316156217830212
APU,2016q3,2016-07-01,-0.0146575479466832,0.001088958358743,-0.0777746983075766,0.0,-1.0,0.1575036196462163,-0.00348432408261079
APU,2016q4,2016-10-01,0.0006821038524984,0.0234551102877255,0.0141069927539037,-0.2833333333333332,-1.7,0.1575036196462163,-0.007005282588409045
APU,2017q1,2017-01-01,0.0246654083919657,0.0040532465140961,-0.0467644039242707,-1.1533333333333342,0.9,0.1575036196462163,0.007586847013058673
APU,2017q2,2017-04-01,-0.0048017370710438,0.0076768498006083,0.022276980754688,-1.75,0.3,0.1575036196462163,0.0029027596579611625
APU,2017q3,2017-07-01,-0.0115904822528878,0.010684634051394,-0.0156069420199813,-1.793333333333333,0.3,0.1575036196462163,-0.02049852154834131
APU,2017q4,2017-10-01,-0.0073966649893146,0.012051177449636,0.0260694902542464,-1.7000000000000002,1.1,0.1575036196462163,-0.005934735519813827
APU,2018q1,2018-01-01,0.010221881915863,-0.0096540430584211,-0.0011502635576929,-0.7366666666666664,0.5,0.1575036196462163,0.004158010148663571
APU,2018q2,2018-04-01,-0.0114024931030867,0.009239075619997,0.1057529863893771,-0.3333333333333321,-1.6,0.1575036196462163,0.0005925926099337175
APU,2018q3,2018-07-01,-0.0147406278786998,-0.0031789041452108,0.0933432898754682,0.0,1.1,0.1575036196462163,-0.008925974169078366
APU,2018q4,2018-10-01,-0.0050999507428954,-0.0059294410985049,-0.038184795471472,0.0,-0.5,0.1575036196462163,-0.0029931180681321834
APU,2019q1,2019-01-01,0.0139219696889409,0.0025581941783421,-0.0104125468079521,0.0,-0.9,0.1575036196462163,-0.009033485097667437
APU,2019q2,2019-04-01,-0.0074193965310467,0.0020075933859745,0.0385598504670683,0.0,0.6,0.1575036196462163,0.001813237124181022
APU,2019q3,2019-07-01,-0.0120609015819979,-0.0120165840099315,0.0138784943535894,-0.3966666666666674,0.2,0.1575036196462163,0.005420067469338541
APU,2019q4,2019-10-01,-0.0053000748267049,0.0081641182073571,0.0355251239156133,-1.0466666666666669,0.1,0.1575036196462163,0.0006004203122440543
APU,2020q1,2020-01-01,-0.0045563840865594,-0.0094362430661512,0.079532534568028,-0.7766666666666664,-1.9,0.1575036196462163,-0.0006004203122440543
APU,2020q2,2020-04-01,-0.1256743237419626,-0.0247872790044033,0.1895430957543946,-1.1000000000000003,-11.8,0.1575036196462163,-0.010869672236903938
APU,2020q3,2020-07-01,0.0671475731454811,0.0455879823210701,-0.0015291043482092,-1.0833333333333333,15.4,0.1575036196462163,-0.0042592093593958325
APU,2020q4,2020-10-01,-0.0063165556696063,0.0065086533428575,0.0029879298816946,-0.0966666666666671,2.5,0.1575036196462163,-0.013505423199807076
APU,2021q1,2021-01-01,0.0144958114439526,-0.0076033180718317,0.0140826664952613,0.1100000000000001,1.7,0.1575036196462163,0.004316997145400681
APU,2021q2,2021-04-01,0.0171683654658836,-0.0054937113519667,-0.0330454567971429,1.2233333333333332,-1.6,0.1575036196462163,0.005523180656110682
APU,2021q3,2021-07-01,0.0404446962804452,0.0126220451471575,-0.0124790997761965,1.6300000000000003,-1.1,0.1575036196462163,0.004817020874583466
APU,2021q4,2021-10-01,-0.0063408069518295,0.0061693648251502,0.0653942974104895,2.706666666666667,-2.7,0.1575036196462163,0.008665728395902406
APU,2022q1,2022-01-01,0.0033037106266151,0.0016958645158988,-0.0646933747126794,2.693333333333334,3.3,0.1575036196462163,0.022744126119000008
APU,2022q2,2022-04-01,-0.048229690708931,0.0142238081062639,-0.0615267522794715,2.086666666666666,1.5,0.1575036196462163,0.003535071554701119
APU,2022q3,2022-07-01,-0.0067991988997615,-0.0068608271776012,0.0646621392188204,1.1100000000000012,0.5,0.1575036196462163,0.0013518042765481297
APU,2022q4,2022-10-01,-0.0102831351885042,-0.0112674764517108,0.0012057445663369,0.1899999999999995,-0.6,0.1575036196462163,0.013146068907619046
APU,2023q1,2023-01-01,0.0320080398732507,-0.0087833355773585,-0.0117061873342434,0.0,0.2,0.1575036196462163,-0.004426893885050909
APU,2023q2,2023-04-01,-0.01291932723757,-0.0099705794500113,-0.0479624086240166,0.0,0.9,0.1575036196462163,-0.007562776399954174
APU,2023q3,2023-07-01,0.007611215090892,0.0007392170000033,-0.0144296190127115,-0.379999999999999,0.7,0.1575036196462163,0.005563679116043829
APU,2023q4,2023-10-01,-0.0133898151068017,-0.0015293708650882,0.0148469251060516,-1.0400000000000027,1.5,0.1575036196462163,0.006368022170764931
APU,2024q1,2024-01-01,0.0132673421777433,0.0183194473310093,-9.421518755781122e-05,-0.9633333333333328,0.6,0.1575036196462163,0.008715482051075085
APU,2024q2,2024-04-01,-0.0321410100093491,0.003297742700817,0.0519421897324703,-0.7633333333333319,0.5,0.1575036196462163,0.0027603797122131013
APU,2024q3,2024-07-01,0.0077149723272151,0.0202845184990065,0.0610398418730573,-0.0700000000000002,0.7,0.1575036196462163,-0.011655587016039526
APU,2024q4,2024-10-01,-0.0180888891543458,-0.0203730841117766,0.0522299686138909,0.7200000000000006,0.4,0.1575036196462163,0.018748179836389767
Comércio,2012q2,2012-04-01,0.0509730826223582,0.0018137503983838,0.1049078733506749,-1.4366666666666674,-2.1,0.0304600719987079,0.0016727073875033582
Comércio,2012q3,2012-07-01,0.0549385148277503,0.0002387520076329,0.0327679155782643,-1.0999999999999996,1.5,0.0304600719987079,-0.006707683059238967
Comércio,2012q4,2012-10-01,-0.0221671607491478,-0.0037734737910981,0.0145497445022559,-0.5933333333333328,-0.9,0.0304600719987079,-0.006188486698114559
Comércio,2013q1,2013-01-01,-0.0594251981296489,0.0017346004435875,-0.0309498006463821,-0.0499999999999989,0.3,0.0304600719987079,-0.003958161797628534
Comércio,2013q2,2013-04-01,0.0515074687897567,0.0070226460506451,0.0365370388477542,0.3999999999999986,2.9,0.0304600719987079,0.007900718298437859
Comércio,2013q3,2013-07-01,0.0203676798580494,-0.0023151277583048,0.1002605765260633,0.9999999999999992,0.5,0.0304600719987079,0.0011235956238264677
Comércio,2013q4,2013-10-01,-0.0083717231139979,0.0005577706030558,-0.0051700080106414,1.0066666666666677,-0.8,0.0304600719987079,0.0
Comércio,2014q1,2014-01-01,-0.0510795964459935,-0.0010014369628941,0.0377159237511521,0.8833333333333329,0.1,0.0304600719987079,-0.009024313922264326
Comércio,2014q2,2014-04-01,0.0111963591006312,0.0004840659276489,-0.0584731026871309,0.4733333333333345,-2.5,0.0304600719987079,-0.0022688608711911584
Comércio,2014q3,2014-07-01,0.0533844517494317,-0.0006383336487713,0.0201713129360647,0.0099999999999997,-0.5,0.0304600719987079,0.0011350739016640077
Comércio,2014q4,2014-10-01,2.6042848455087864e-05,0.0011003640057455,0.1122214031785634,0.3166666666666664,0.8,0.0304600719987079,-0.0005673759017454927
Comércio,2015q1,2015-01-01,-0.0902083675840172,-0.0021627704907129,0.1177350169727408,0.966666666666665,-2.1,0.0304600719987079,-0.0011357184639271267
Comércio,2015q2,2015-04-01,-0.0248042168146003,-0.0084184526547703,0.070384187388818,0.9533333333333333,-2.8,0.0304600719987079,-0.0022753138371358617
Comércio,2015q3,2015-07-01,0.0178550515810707,-0.0045059999476352,0.143980752105993,0.860000000000003,-2.0,0.0304600719987079,-0.005138464061005266
Comércio,2015q4,2015-10-01,-0.002971506221705,-0.0029706365014389,0.0797658766568645,0.1533333333333324,-1.7,0.0304600719987079,-0.002866152721608728
Comércio,2016q1,2016-01-01,-0.0772701401294861,-0.0004391547525535,0.0173968279015088,0.0,-0.2,0.0304600719987079,-0.007490671729157405
Comércio,2016q2,2016-04-01,0.0213890412754793,0.0033450351821918,-0.1079593239456664,0.0,-0.6,0.0304600719987079,-0.002316156217830212
Comércio,2016q3,2016-07-01,0.0567977407471687,0.0002105967474615,-0.0777746983075766,0.0,-1.0,0.0304600719987079,-0.00348432408261079
Comércio,2016q4,2016-10-01,-0.0271433845775295,0.0045360503441542,0.0141069927539037,-0.2833333333333332,-1.7,0.0304600719987079,-0.007005282588409045
Comércio,2017q1,2017-01-01,-0.0496080401887217,0.000783868846476,-0.0467644039242707,-1.1533333333333342,0.9,0.0304600719987079,0.007586847013058673
Comércio,2017q2,2017-04-01,0.0401333596067909,0.001484647769842,0.022276980754688,-1.75,0.3,0.0304600719987079,0.0029027596579611625
Comércio,2017q3,2017-07-01,0.0678661114833638,0.0020663317021941,-0.0156069420199813,-1.793333333333333,0.3,0.0304600719987079,-0.02049852154834131
Comércio,2017q4,2017-10-01,-0.0204727609935224,0.0023306114082308,0.0260694902542464,-1.7000000000000002,1.1,0.0304600719987079,-0.005934735519813827
Comércio,2018q1,2018-01-01,-0.0457056449562638,-0.0018670227852455,-0.0011502635576929,-0.7366666666666664,0.5,0.0304600719987079,0.004158010148663571
Comércio,2018q2,2018-04-01,0.0190221051386216,0.0017867710546509,0.1057529863893771,-0.3333333333333321,-1.6,0.0304600719987079,0.0005925926099337175
Comércio,2018q3,2018-07-01,0.0520843466808196,-0.0006147772943733,0.0933432898754682,0.0,1.1,0.0304600719987079,-0.008925974169078366
Comércio,2018q4,2018-10-01,-0.0234632507239422,-0.0011467114417957,-0.038184795471472,0.0,-0.5,0.0304600719987079,-0.0029931180681321834
Comércio,2019q1,2019-01-01,-0.0550893697585277,0.0004947364323055,-0.0104125468079521,0.0,-0.9,0.0304600719987079,-0.009033485097667437
Comércio,2019q2,2019-04-01,0.0281966856943067,0.0003882541824643,0.0385598504670683,0.0,0.6,0.0304600719987079,0.001813237124181022
Comércio,2019q3,2019-07-01,0.0638023133916483,-0.0023239212847501,0.0138784943535894,-0.3966666666666674,0.2,0.0304600719987079,0.005420067469338541
Comércio,2019q4,2019-10-01,-0.0231901395032405,0.001578881989891,0.0355251239156133,-1.0466666666666669,0.1,0.0304600719987079,0.0006004203122440543
Comércio,2020q1,2020-01-01,-0.0345153253657863,-0.001824901826624,0.079532534568028,-0.7766666666666664,-1.9,0.0304600719987079,-0.0006004203122440543
Comércio,2020q2,2020-04-01,-0.0052738455278944,-0.0047936822329678,0.1895430957543946,-1.1000000000000003,-11.8,0.0304600719987079,-0.010869672236903938
Comércio,2020q3,2020-07-01,0.2043721233581403,0.0088163892797811,-0.0015291043482092,-1.0833333333333333,15.4,0.0304600719987079,-0.0042592093593958325
Comércio,2020q4,2020-10-01,-0.0238559659747985,0.0012587269415356,0.0029879298816946,-0.0966666666666671,2.5,0.0304600719987079,-0.013505423199807076
Comércio,2021q1,2021-01-01,-0.0631015624069306,-0.0014704272601308,0.0140826664952613,0.1100000000000001,1.7,0.0304600719987079,0.004316997145400681
Comércio,2021q2,2021-04-01,-0.0102231181444534,-0.0010624444295115,-0.0330454567971429,1.2233333333333332,-1.6,0.0304600719987079,0.005523180656110682
Comércio,2021q3,2021-07-01,-0.0109727066625859,0.0024410131323772,-0.0124790997761965,1.6300000000000003,-1.1,0.0304600719987079,0.004817020874583466
Comércio,2021q4,2021-10-01,-0.0415298413117641,0.0011931109721952,0.0653942974104895,2.706666666666667,-2.7,0.0304600719987079,0.008665728395902406
Comércio,2022q1,2022-01-01,-0.0794874253086965,0.0003279680515937,-0.0646933747126794,2.693333333333334,3.3,0.0304600719987079,0.022744126119000008
Comércio,2022q2,2022-04-01,0.0112394802051309,0.0027507826168426,-0.0615267522794715,2.086666666666666,1.5,0.0304600719987079,0.003535071554701119
Comércio,2022q3,2022-07-01,0.0497845057125418,-0.0013268348389061,0.0646621392188204,1.1100000000000012,0.5,0.0304600719987079,0.0013518042765481297
Comércio,2022q4,2022-10-01,-0.0166159659123616,-0.0021790492480983,0.0012057445663369,0.1899999999999995,-0.6,0.0304600719987079,0.013146068907619046
Comércio,2023q1,2023-01-01,-0.0543655622142562,-0.0016986341944147,-0.0117061873342434,0.0,0.2,0.0304600719987079,-0.004426893885050909
Comércio,2023q2,2023-04-01,0.0407490552225024,-0.0019282386563455,-0.0479624086240166,0.0,0.9,0.0304600719987079,-0.007562776399954174
Comércio,2023q3,2023-07-01,0.0550766119785428,0.0001429592735287,-0.0144296190127115,-0.379999999999999,0.7,0.0304600719987079,0.005563679116043829
Comércio,2023q4,2023-10-01,-0.0402667852553955,-0.0002957693719544,0.0148469251060516,-1.0400000000000027,1.5,0.0304600719987079,0.006368022170764931
Comércio,2024q1,2024-01-01,-0.0375425527757904,0.0035428499099416,-9.421518755781122e-05,-0.9633333333333328,0.6,0.0304600719987079,0.008715482051075085
Comércio,2024q2,2024-04-01,0.0337447137575372,0.0006377598199059,0.0519421897324703,-0.7633333333333319,0.5,0.0304600719987079,0.0027603797122131013
Comércio,2024q3,2024-07-01,0.0523214046898432,0.0039228805999932,0.0610398418730573,-0.0700000000000002,0.7,0.0304600719987079,-0.011655587016039526
Comércio,2024q4,2024-10-01,-0.0312898630654832,-0.0039400085551961,0.0522299686138909,0.7200000000000006,0.4,0.0304600719987079,0.018748179836389767
Intermediação Financeira,2012q2,2012-04-01,-0.0416376706686061,0.000820347360364,0.1049078733506749,-1.4366666666666674,-2.1,0.0137768899639691,0.0016727073875033582
Intermediação Financeira,2012q3,2012-07-01,0.026871551408286,0.0001079859607021,0.0327679155782643,-1.0999999999999996,1.5,0.0137768899639691,-0.006707683059238967
Intermediação Financeira,2012q4,2012-10-01,-0.0286035084636813,-0.0017067173447287,0.0145497445022559,-0.5933333333333328,-0.9,0.0137768899639691,-0.006188486698114559
Intermediação Financeira,2013q1,2013-01-01,-0.0110467771111761,0.0007845483570679,-0.0309498006463821,-0.0499999999999989,0.3,0.0137768899639691,-0.003958161797628534
Intermediação Financeira,2013q2,2013-04-01,-0.0035980349459872,0.003176296559632,0.0365370388477542,0.3999999999999986,2.9,0.0137768899639691,0.007900718298437859
Intermediação Financeira,2013q3,2013-07-01,0.0385761955811543,-0.0010471170383329,0.1002605765260633,0.9999999999999992,0.5,0.0137768899639691,0.0011235956238264677
Intermediação Financeira,2013q4,2013-10-01,-0.0072300262225457,0.0002522759704495,-0.0051700080106414,1.0066666666666677,-0.8,0.0137768899639691,0.0
Intermediação Financeira,2014q1,2014-01-01,-0.0302115755652727,-0.0004529433431486,0.0377159237511521,0.8833333333333329,0.1,0.0137768899639691,-0.009024313922264326
Intermediação Financeira,2014q2,2014-04-01,0.0099125635124797,0.0002189398311602,-0.0584731026871309,0.4733333333333345,-2.5,0.0137768899639691,-0.0022688608711911584
Intermediação Financeira,2014q3,2014-07-01,-0.0248750605596916,-0.0002887141054622,0.0201713129360647,0.0099999999999997,-0.5,0.0137768899639691,0.0011350739016640077
Intermediação Financeira,2014q4,2014-10-01,0.0252695239171845,0.000497687393126,0.1122214031785634,0.3166666666666664,0.8,0.0137768899639691,-0.0005673759017454927
Intermediação Financeira,2015q1,2015-01-01,0.0071423755620778,-0.0009782068495811,0.1177350169727408,0.966666666666665,-2.1,0.0137768899639691,-0.0011357184639271267
Intermediação Financeira,2015q2,2015-04-01,0.0040933584446682,-0.0038076106943074,0.070384187388818,0.9533333333333333,-2.8,0.0137768899639691,-0.0022753138371358617
Intermediação Financeira,2015q3,2015-07-01,0.0573677699315355,-0.0020380341011293,0.143980752105993,0.860000000000003,-2.0,0.0137768899639691,-0.005138464061005266
Intermediação Financeira,2015q4,2015-10-01,0.0302963785745546,-0.0013435993258653,0.0797658766568645,0.1533333333333324,-1.7,0.0137768899639691,-0.002866152721608728
Intermediação Financeira,2016q1,2016-01-01,-0.1041771763212353,-0.0001986268024363,0.0173968279015088,0.0,-0.2,0.0137768899639691,-0.007490671729157405
Intermediação Financeira,2016q2,2016-04-01,0.0394487467326745,0.0015129373834906,-0.1079593239456664,0.0,-0.6,0.0137768899639691,-0.002316156217830212
Intermediação Financeira,2016q3,2016-07-01,-0.0354391073424249,9.52515219488024e-05,-0.0777746983075766,0.0,-1.0,0.0137768899639691,-0.00348432408261079
Intermediação Financeira,2016q4,2016-10-01,-0.0149414705669941,0.0020516256975718,0.0141069927539037,-0.2833333333333332,-1.7,0.0137768899639691,-0.007005282588409045
Intermediação Financeira,2017q1,2017-01-01,-0.0508822017262233,0.0003545387169321,-0.0467644039242707,-1.1533333333333342,0.9,0.0137768899639691,0.007586847013058673
Intermediação Financeira,2017q2,2017-04-01,0.077819123677826,0.0006714964088473,0.022276980754688,-1.75,0.3,0.0137768899639691,0.0029027596579611625
Intermediação Financeira,2017q3,2017-07-01,-0.0487874762337168,0.0009345882206515,-0.0156069420199813,-1.793333333333333,0.3,0.0137768899639691,-0.02049852154834131
Intermediação Financeira,2017q4,2017-10-01,0.0242887825199979,0.0010541201912237,0.0260694902542464,-1.7000000000000002,1.1,0.0137768899639691,-0.005934735519813827
Intermediação Financeira,2018q1,2018-01-01,-0.0224904956808233,-0.0008444421101053,-0.0011502635576929,-0.7366666666666664,0.5,0.0137768899639691,0.004158010148663571
Intermediação Financeira,2018q2,2018-04-01,0.021849283582751,0.0008081447808716,0.1057529863893771,-0.3333333333333321,-1.6,0.0137768899639691,0.0005925926099337175
Intermediação Financeira,2018q3,2018-07-01,-0.0200028797461695,-0.0002780597215032,0.0933432898754682,0.0,1.1,0.0137768899639691,-0.008925974169078366
Intermediação Financeira,2018q4,2018-10-01,0.0334314916160893,-0.000518650033221,-0.038184795471472,0.0,-0.5,0.0137768899639691,-0.0029931180681321834
Intermediação Financeira,2019q1,2019-01-01,-0.0648457109453377,0.0002237660301436,-0.0104125468079521,0.0,-0.9,0.0137768899639691,-0.009033485097667437
Intermediação Financeira,2019q2,2019-04-01,-0.0119697294216214,0.0001756048098011,0.0385598504670683,0.0,0.6,0.0137768899639691,0.001813237124181022
Intermediação Financeira,2019q3,2019-07-01,0.0361012210285727,-0.0010510942924326,0.0138784943535894,-0.3966666666666674,0.2,0.0137768899639691,0.005420067469338541
Intermediação Financeira,2019q4,2019-10-01,0.0571308690256051,0.0007141179259768,0.0355251239156133,-1.0466666666666669,0.1,0.0137768899639691,0.0006004203122440543
Intermediação Financeira,2020q1,2020-01-01,-0.0719244594921955,-0.000825391077917,0.079532534568028,-0.7766666666666664,-1.9,0.0137768899639691,-0.0006004203122440543
Intermediação Financeira,2020q2,2020-04-01,0.1191995457493368,-0.0021681509041946,0.1895430957543946,-1.1000000000000003,-11.8,0.0137768899639691,-0.010869672236903938
Intermediação Financeira,2020q3,2020-07-01,0.0226598075667863,0.0039875948091066,-0.0015291043482092,-1.0833333333333333,15.4,0.0137768899639691,-0.0042592093593958325
Intermediação Financeira,2020q4,2020-10-01,-0.1182445849348927,0.0005693139060523,0.0029879298816946,-0.0966666666666671,2.5,0.0137768899639691,-0.013505423199807076
Intermediação Financeira,2021q1,2021-01-01,-0.0734315114186063,-0.0006650645659571,0.0140826664952613,0.1100000000000001,1.7,0.0137768899639691,0.004316997145400681
Intermediação Financeira,2021q2,2021-04-01,0.0115339066936415,-0.0004805366185225,-0.0330454567971429,1.2233333333333332,-1.6,0.0137768899639691,0.005523180656110682
Intermediação Financeira,2021q3,2021-07-01,0.0301908674558299,0.0011040541639819,-0.0124790997761965,1.6300000000000003,-1.1,0.0137768899639691,0.004817020874583466
Intermediação Financeira,2021q4,2021-10-01,-0.0036506490313765,0.0005396362352471,0.0653942974104895,2.706666666666667,-2.7,0.0137768899639691,0.008665728395902406
Intermediação Financeira,2022q1,2022-01-01,-0.0761037162053943,0.000148337789835,-0.0646933747126794,2.693333333333334,3.3,0.0137768899639691,0.022744126119000008
Intermediação Financeira,2022q2,2022-04-01,-0.0501914480820713,0.0012441608617552,-0.0615267522794715,2.086666666666666,1.5,0.0137768899639691,0.003535071554701119
Intermediação Financeira,2022q3,2022-07-01,0.0226946128829945,-0.0006001186594945,0.0646621392188204,1.1100000000000012,0.5,0.0137768899639691,0.0013518042765481297
Intermediação Financeira,2022q4,2022-10-01,-0.004300650255288,-0.0009855696243395,0.0012057445663369,0.1899999999999995,-0.6,0.0137768899639691,0.013146068907619046
Intermediação Financeira,2023q1,2023-01-01,-0.009999589614849,-0.0007682810594301,-0.0117061873342434,0.0,0.2,0.0137768899639691,-0.004426893885050909
Intermediação Financeira,2023q2,2023-04-01,0.0305121695267844,-0.0008721296454542,-0.0479624086240166,0.0,0.9,0.0137768899639691,-0.007562776399954174
Intermediação Financeira,2023q3,2023-07-01,0.002739003623164,6.465953792945978e-05,-0.0144296190127115,-0.379999999999999,0.7,0.0137768899639691,0.005563679116043829
Intermediação Financeira,2023q4,2023-10-01,0.0654733841649219,-0.0001337745390851,0.0148469251060516,-1.0400000000000027,1.5,0.0137768899639691,0.006368022170764931
Intermediação Financeira,2024q1,2024-01-01,-0.0314232364197493,0.0016024076821024,-9.421518755781122e-05,-0.9633333333333328,0.6,0.0137768899639691,0.008715482051075085
Intermediação Financeira,2024q2,2024-04-01,0.0363918060367352,0.0002884545664454,0.0519421897324703,-0.7633333333333319,0.5,0.0137768899639691,0.0027603797122131013
Intermediação Financeira,2024q3,2024-07-01,-0.0004484049145618,0.0017742930604428,0.0610398418730573,-0.0700000000000002,0.7,0.0137768899639691,-0.011655587016039526
Intermediação Financeira,2024q4,2024-10-01,0.0461090967829558,-0.0017820399217814,0.0522299686138909,0.7200000000000006,0.4,0.0137768899639691,0.018748179836389767
Outros Serviços,2012q2,2012-04-01,0.0415540009186021,0.0065916879985173,0.1049078733506749,-1.4366666666666674,-2.1,0.1107006185673422,0.0016727073875033582
Outros Serviços,2012q3,2012-07-01,0.0125786357149288,0.0008676931206953,0.0327679155782643,-1.0999999999999996,1.5,0.1107006185673422,-0.006707683059238967
Outros Serviços,2012q4,2012-10-01,0.0516533533028675,-0.0137138836323151,0.0145497445022559,-0.5933333333333328,-0.9,0.1107006185673422,-0.006188486698114559
Outros Serviços,2013q1,2013-01-01,-0.0877770631415779,0.0063040344120155,-0.0309498006463821,-0.0499999999999989,0.3,0.1107006185673422,-0.003958161797628534
Outros Serviços,2013q2,2013-04-01,0.028258325450615,0.0255223054567596,0.0365370388477542,0.3999999999999986,2.9,0.1107006185673422,0.007900718298437859
Outros Serviços,2013q3,2013-07-01,0.0152639333500934,-0.0084138368063489,0.1002605765260633,0.9999999999999992,0.5,0.1107006185673422,0.0011235956238264677
Outros Serviços,2013q4,2013-10-01,0.0293611463111538,0.0020270979917441,-0.0051700080106414,1.0066666666666677,-0.8,0.1107006185673422,0.0
Outros Serviços,2014q1,2014-01-01,-0.067795094460108,-0.0036395085098053,0.0377159237511521,0.8833333333333329,0.1,0.1107006185673422,-0.009024313922264326
Outros Serviços,2014q2,2014-04-01,0.0088417598353247,0.0017592341088487,-0.0584731026871309,0.4733333333333345,-2.5,0.1107006185673422,-0.0022688608711911584
Outros Serviços,2014q3,2014-07-01,-0.0014020160913534,-0.0023198871550381,0.0201713129360647,0.0099999999999997,-0.5,0.1107006185673422,0.0011350739016640077
Outros Serviços,2014q4,2014-10-01,0.0144167653587066,0.0039990376940159,0.1122214031785634,0.3166666666666664,0.8,0.1107006185673422,-0.0005673759017454927
Outros Serviços,2015q1,2015-01-01,-0.0582295968158823,-0.0078601268950142,0.1177350169727408,0.966666666666665,-2.1,0.1107006185673422,-0.0011357184639271267
Outros Serviços,2015q2,2015-04-01,-0.0004792068357828,-0.0305950661016985,0.070384187388818,0.9533333333333333,-2.8,0.1107006185673422,-0.0022753138371358617
Outros Serviços,2015q3,2015-07-01,-0.0064271196138618,-0.0163760933161547,0.143980752105993,0.860000000000003,-2.0,0.1107006185673422,-0.005138464061005266
Outros Serviços,2015q4,2015-10-01,0.0301741886810646,-0.0107961431693911,0.0797658766568645,0.1533333333333324,-1.7,0.1107006185673422,-0.002866152721608728
Outros Serviços,2016q1,2016-01-01,-0.0456642011839605,-0.0015960140460773,0.0173968279015088,0.0,-0.2,0.1107006185673422,-0.007490671729157405
Outros Serviços,2016q2,2016-04-01,0.0137962605454602,0.0121568151189488,-0.1079593239456664,0.0,-0.6,0.1107006185673422,-0.002316156217830212
Outros Serviços,2016q3,2016-07-01,0.0080132840635405,0.0007653688478887,-0.0777746983075766,0.0,-1.0,0.1107006185673422,-0.00348432408261079
Outros Serviços,2016q4,2016-10-01,0.012230022573499,0.0164853050567897,0.0141069927539037,-0.2833333333333332,-1.7,0.1107006185673422,-0.007005282588409045
Outros Serviços,2017q1,2017-01-01,-0.0558193504213893,0.0028488037120938,-0.0467644039242707,-1.1533333333333342,0.9,0.1107006185673422,0.007586847013058673
Outros Serviços,2017q2,2017-04-01,0.0221608583546177,0.0053956348653117,0.022276980754688,-1.75,0.3,0.1107006185673422,0.0029027596579611625
Outros Serviços,2017q3,2017-07-01,0.0019316338479409,0.0075096407391258,-0.0156069420199813,-1.793333333333333,0.3,0.1107006185673422,-0.02049852154834131
Outros Serviços,2017q4,2017-10-01,-3.395607771494724e-05,0.0084701088212201,0.0260694902542464,-1.7000000000000002,1.1,0.1107006185673422,-0.005934735519813827
Outros Serviços,2018q1,2018-01-01,-0.0346155893096569,-0.0067852950976206,-0.0011502635576929,-0.7366666666666664,0.5,0.1107006185673422,0.004158010148663571
Outros Serviços,2018q2,2018-04-01,0.0407644542548435,0.0064936373425668,0.1057529863893771,-0.3333333333333321,-1.6,0.1107006185673422,0.0005925926099337175
Outros Serviços,2018q3,2018-07-01,0.002563734783036,-0.0022342766219061,0.0933432898754682,0.0,1.1,0.1107006185673422,-0.008925974169078366
Outros Serviços,2018q4,2018-10-01,-0.0005379958239468,-0.0041674775401194,-0.038184795471472,0.0,-0.5,0.1107006185673422,-0.0029931180681321834
Outros Serviços,2019q1,2019-01-01,-0.0376207854216732,0.0017980137764069,-0.0104125468079521,0.0,-0.9,0.1107006185673422,-0.009033485097667437
Outros Serviços,2019q2,2019-04-01,0.0135237188503192,0.0014110268078808,0.0385598504670683,0.0,0.6,0.1107006185673422,0.001813237124181022
Outros Serviços,2019q3,2019-07-01,0.0043599474377717,-0.0084457949979425,0.0138784943535894,-0.3966666666666674,0.2,0.1107006185673422,0.005420067469338541
Outros Serviços,2019q4,2019-10-01,0.0180021244656449,0.0057381089884879,0.0355251239156133,-1.0466666666666669,0.1,0.1107006185673422,0.0006004203122440543
Outros Serviços,2020q1,2020-01-01,-0.0556413845001639,-0.0066322154800067,0.079532534568028,-0.7766666666666664,-1.9,0.1107006185673422,-0.0006004203122440543
Outros Serviços,2020q2,2020-04-01,-0.0060434954170938,-0.0174216130686535,0.1895430957543946,-1.1000000000000003,-11.8,0.1107006185673422,-0.010869672236903938
Outros Serviços,2020q3,2020-07-01,0.1433210443477512,0.0320412816766701,-0.0015291043482092,-1.0833333333333333,15.4,0.1107006185673422,-0.0042592093593958325
Outros Serviços,2020q4,2020-10-01,0.0316576110251742,0.0045745739222574,0.0029879298816946,-0.0966666666666671,2.5,0.1107006185673422,-0.013505423199807076
Outros Serviços,2021q1,2021-01-01,-0.0541539316286865,-0.0053439534634609,0.0140826664952613,0.1100000000000001,1.7,0.1107006185673422,0.004316997145400681
Outros Serviços,2021q2,2021-04-01,-0.0008453279151856,-0.0038612271023306,-0.0330454567971429,1.2233333333333332,-1.6,0.1107006185673422,0.005523180656110682
Outros Serviços,2021q3,2021-07-01,0.0194868762712012,0.0088713402810284,-0.0124790997761965,1.6300000000000003,-1.1,0.1107006185673422,0.004817020874583466
Outros Serviços,2021q4,2021-10-01,-0.0233108576448664,0.0043361067119966,0.0653942974104895,2.706666666666667,-2.7,0.1107006185673422,0.008665728395902406
Outros Serviços,2022q1,2022-01-01,-0.0332450693382635,0.0011919297558881,-0.0646933747126794,2.693333333333334,3.3,0.1107006185673422,0.022744126119000008
Outros Serviços,2022q2,2022-04-01,0.0312737846481767,0.0099971312359894,-0.0615267522794715,2.086666666666666,1.5,0.1107006185673422,0.003535071554701119
Outros Serviços,2022q3,2022-07-01,0.0290648891543952,-0.0048220975121084,0.0646621392188204,1.1100000000000012,0.5,0.1107006185673422,0.0013518042765481297
Outros Serviços,2022q4,2022-10-01,0.0139561588521459,-0.0079192885579333,0.0012057445663369,0.1899999999999995,-0.6,0.1107006185673422,0.013146068907619046
Outros Serviços,2023q1,2023-01-01,-0.056864108214429,-0.0061733227698649,-0.0117061873342434,0.0,0.2,0.1107006185673422,-0.004426893885050909
Outros Serviços,2023q2,2023-04-01,0.0166771362136741,-0.007007771091676,-0.0479624086240166,0.0,0.9,0.1107006185673422,-0.007562776399954174
Outros Serviços,2023q3,2023-07-01,0.019214343310508,0.0005195549114342,-0.0144296190127115,-0.379999999999999,0.7,0.1107006185673422,0.005563679116043829
Outros Serviços,2023q4,2023-10-01,0.0169246072770976,-0.0010749105396081,0.0148469251060516,-1.0400000000000027,1.5,0.1107006185673422,0.006368022170764931
Outros Serviços,2024q1,2024-01-01,-0.0420739565489238,0.0128757304493052,-9.421518755781122e-05,-0.9633333333333328,0.6,0.1107006185673422,0.008715482051075085
Outros Serviços,2024q2,2024-04-01,0.0158380914127553,0.0023178016967253,0.0519421897324703,-0.7633333333333319,0.5,0.1107006185673422,0.0027603797122131013
Outros Serviços,2024q3,2024-07-01,0.0304849356142333,0.0142568707323969,0.0610398418730573,-0.0700000000000002,0.7,0.1107006185673422,-0.011655587016039526
Outros Serviços,2024q4,2024-10-01,0.0019319193732405,-0.0143191186232039,0.0522299686138909,0.7200000000000006,0.4,0.1107006185673422,0.018748179836389767
Serviço de Informação,2012q2,2012-04-01,-0.0262019851708776,0.0008857043605564,0.1049078733506749,-1.4366666666666674,-2.1,0.0148744935445126,0.0016727073875033582
Serviço de Informação,2012q3,2012-07-01,0.0112005079271062,0.0001165891924492,0.0327679155782643,-1.0999999999999996,1.5,0.0148744935445126,-0.006707683059238967
Serviço de Informação,2012q4,2012-10-01,0.0941456356837582,-0.0018426913616113,0.0145497445022559,-0.5933333333333328,-0.9,0.0148744935445126,-0.006188486698114559
Serviço de Informação,2013q1,2013-01-01,-0.0883157083084751,0.0008470532538972,-0.0309498006463821,-0.0499999999999989,0.3,0.0148744935445126,-0.003958161797628534
Serviço de Informação,2013q2,2013-04-01,0.0434901923835018,0.0034293518199874,0.0365370388477542,0.3999999999999986,2.9,0.0148744935445126,0.007900718298437859
Serviço de Informação,2013q3,2013-07-01,-0.0230844670010035,-0.001130540758311,0.1002605765260633,0.9999999999999992,0.5,0.0148744935445126,0.0011235956238264677
Serviço de Informação,2013q4,2013-10-01,0.0830889599362243,0.0002723747742561,-0.0051700080106414,1.0066666666666677,-0.8,0.0148744935445126,0.0
Serviço de Informação,2014q1,2014-01-01,-0.0703285041620396,-0.0004890292984349,0.0377159237511521,0.8833333333333329,0.1,0.0148744935445126,-0.009024313922264326
Serviço de Informação,2014q2,2014-04-01,0.0295308987340483,0.000236382747757,-0.0584731026871309,0.4733333333333345,-2.5,0.0148744935445126,-0.0022688608711911584
Serviço de Informação,2014q3,2014-07-01,0.0054386664311403,-0.0003117159321979,0.0201713129360647,0.0099999999999997,-0.5,0.0148744935445126,0.0011350739016640077
Serviço de Informação,2014q4,2014-10-01,0.0686498607567642,0.0005373381028374,0.1122214031785634,0.3166666666666664,0.8,0.0148744935445126,-0.0005673759017454927
Serviço de Informação,2015q1,2015-01-01,-0.0373762988391126,-0.001056140501038,0.1177350169727408,0.966666666666665,-2.1,0.0148744935445126,-0.0011357184639271267
Serviço de Informação,2015q2,2015-04-01,-0.032750477946486,-0.0041109626948182,0.070384187388818,0.9533333333333333,-2.8,0.0148744935445126,-0.0022753138371358617
Serviço de Informação,2015q3,2015-07-01,-0.0489237197905501,-0.0022004040941044,0.143980752105993,0.860000000000003,-2.0,0.0148744935445126,-0.005138464061005266
Serviço de Informação,2015q4,2015-10-01,0.1482688541918513,-0.0014506437629438,0.0797658766568645,0.1533333333333324,-1.7,0.0148744935445126,-0.002866152721608728
Serviço de Informação,2016q1,2016-01-01,-0.0513343821732474,-0.0002144513818672,0.0173968279015088,0.0,-0.2,0.0148744935445126,-0.007490671729157405
Serviço de Informação,2016q2,2016-04-01,-0.0035079232007482,0.0016334729683433,-0.1079593239456664,0.0,-0.6,0.0148744935445126,-0.002316156217830212
Serviço de Informação,2016q3,2016-07-01,-0.0060610131075455,0.0001028402021093,-0.0777746983075766,0.0,-1.0,0.0148744935445126,-0.00348432408261079
Serviço de Informação,2016q4,2016-10-01,0.0044913129179899,0.0022150785318093,0.0141069927539037,-0.2833333333333332,-1.7,0.0148744935445126,-0.007005282588409045
Serviço de Informação,2017q1,2017-01-01,-0.0054806957333615,0.0003827847845253,-0.0467644039242707,-1.1533333333333342,0.9,0.0148744935445126,0.007586847013058673
Serviço de Informação,2017q2,2017-04-01,0.0030217006653336,0.000724994467161,0.022276980754688,-1.75,0.3,0.0148744935445126,0.0029027596579611625
Serviço de Informação,2017q3,2017-07-01,-0.068226434268749,0.0010090467798767,-0.0156069420199813,-1.793333333333333,0.3,0.0148744935445126,-0.02049852154834131
Serviço de Informação,2017q4,2017-10-01,0.1231186169469022,0.0011381018517608,0.0260694902542464,-1.7000000000000002,1.1,0.0148744935445126,-0.005934735519813827
Serviço de Informação,2018q1,2018-01-01,-0.0574543269049923,-0.0009117187368359,-0.0011502635576929,-0.7366666666666664,0.5,0.0148744935445126,0.004158010148663571
Serviço de Informação,2018q2,2018-04-01,0.0227432526954332,0.0008725296026567,0.1057529863893771,-0.3333333333333321,-1.6,0.0148744935445126,0.0005925926099337175
Serviço de Informação,2018q3,2018-07-01,-0.0551614953754366,-0.0003002127144301,0.0933432898754682,0.0,1.1,0.0148744935445126,-0.008925974169078366
Serviço de Informação,2018q4,2018-10-01,0.0691448462944994,-0.0005599708345775,-0.038184795471472,0.0,-0.5,0.0148744935445126,-0.0029931180681321834
Serviço de Informação,2019q1,2019-01-01,-0.0877585342874818,0.000241593449578,-0.0104125468079521,0.0,-0.9,0.0148744935445126,-0.009033485097667437
Serviço de Informação,2019q2,2019-04-01,0.0353410760540109,0.0001895952291557,0.0385598504670683,0.0,0.6,0.0148744935445126,0.001813237124181022
Serviço de Informação,2019q3,2019-07-01,0.001567738730257,-0.0011348348798859,0.0138784943535894,-0.3966666666666674,0.2,0.0148744935445126,0.005420067469338541
Serviço de Informação,2019q4,2019-10-01,0.0510689105191999,0.000771011636715,0.0355251239156133,-1.0466666666666669,0.1,0.0148744935445126,0.0006004203122440543
Serviço de Informação,2020q1,2020-01-01,-0.1353542079404306,-0.0008911499106318,0.079532534568028,-0.7766666666666664,-1.9,0.0148744935445126,-0.0006004203122440543
Serviço de Informação,2020q2,2020-04-01,0.0539641884572499,-0.0023408872911314,0.1895430957543946,-1.1000000000000003,-11.8,0.0148744935445126,-0.010869672236903938
Serviço de Informação,2020q3,2020-07-01,-0.0080126310497954,0.0043052861278061,-0.0015291043482092,-1.0833333333333333,15.4,0.0148744935445126,-0.0042592093593958325
Serviço de Informação,2020q4,2020-10-01,0.1082470625407641,0.0006146710935867,0.0029879298816946,-0.0966666666666671,2.5,0.0148744935445126,-0.013505423199807076
Serviço de Informação,2021q1,2021-01-01,-0.0903283698206895,-0.0007180501999279,0.0140826664952613,0.1100000000000001,1.7,0.0148744935445126,0.004316997145400681
Serviço de Informação,2021q2,2021-04-01,-0.0132909424716487,-0.0005188209275684,-0.0330454567971429,1.2233333333333332,-1.6,0.0148744935445126,0.005523180656110682
Serviço de Informação,2021q3,2021-07-01,0.0587387429283481,0.0011920140596238,-0.0124790997761965,1.6300000000000003,-1.1,0.0148744935445126,0.004817020874583466
Serviço de Informação,2021q4,2021-10-01,-0.011983416450513,0.0005826290054258,0.0653942974104895,2.706666666666667,-2.7,0.0148744935445126,0.008665728395902406
Serviço de Informação,2022q1,2022-01-01,-0.0871510020436994,0.0001601558481688,-0.0646933747126794,2.693333333333334,3.3,0.0148744935445126,0.022744126119000008
Serviço de Informação,2022q2,2022-04-01,-0.0417090140745575,0.0013432830453689,-0.0615267522794715,2.086666666666666,1.5,0.0148744935445126,0.003535071554701119
Serviço de Informação,2022q3,2022-07-01,0.1207654773838617,-0.0006479300589565,0.0646621392188204,1.1100000000000012,0.5,0.0148744935445126,0.0013518042765481297
Serviço de Informação,2022q4,2022-10-01,0.0649743403196074,-0.0010640898673972,0.0012057445663369,0.1899999999999995,-0.6,0.0148744935445126,0.013146068907619046
Serviço de Informação,2023q1,2023-01-01,-0.0898286992923522,-0.0008294899421243,-0.0117061873342434,0.0,0.2,0.0148744935445126,-0.004426893885050909
Serviço de Informação,2023q2,2023-04-01,-0.0044981296357202,-0.0009416121356281,-0.0479624086240166,0.0,0.9,0.0148744935445126,-0.007562776399954174
Serviço de Informação,2023q3,2023-07-01,-0.0235523475932835,6.981095748302173e-05,-0.0144296190127115,-0.379999999999999,0.7,0.0148744935445126,0.005563679116043829
Serviço de Informação,2023q4,2023-10-01,0.0321280148737077,-0.0001444323445455,0.0148469251060516,-1.0400000000000027,1.5,0.0148744935445126,0.006368022170764931
Serviço de Informação,2024q1,2024-01-01,-0.0475451194502718,0.0017300713575739,-9.421518755781122e-05,-0.9633333333333328,0.6,0.0148744935445126,0.008715482051075085
Serviço de Informação,2024q2,2024-04-01,-0.0104184422199162,0.0003114357157311,0.0519421897324703,-0.7633333333333319,0.5,0.0148744935445126,0.0027603797122131013
Serviço de Informação,2024q3,2024-07-01,0.0604012590604008,0.0019156508284999,0.0610398418730573,-0.0700000000000002,0.7,0.0148744935445126,-0.011655587016039526
Serviço de Informação,2024q4,2024-10-01,0.0647881980985252,-0.0019240148815825,0.0522299686138909,0.7200000000000006,0.4,0.0148744935445126,0.018748179836389767
Serviços Imobiliários,2012q2,2012-04-01,-0.0809074936752134,0.0003361876524576,0.1049078733506749,-1.4366666666666674,-2.1,0.005645925761374,0.0016727073875033582
Serviços Imobiliários,2012q3,2012-07-01,0.0330736830178048,4.425387144626447e-05,0.0327679155782643,-1.0999999999999996,1.5,0.005645925761374,-0.006707683059238967
Serviços Imobiliários,2012q4,2012-10-01,-0.0360063939234329,-0.0006994321250433,0.0145497445022559,-0.5933333333333328,-0.9,0.005645925761374,-0.006188486698114559
Serviços Imobiliários,2013q1,2013-01-01,0.019480401857951,0.0003215168148833,-0.0309498006463821,-0.0499999999999989,0.3,0.005645925761374,-0.003958161797628534
Serviços Imobiliários,2013q2,2013-04-01,-0.0165551837358943,0.0013016823549212,0.0365370388477542,0.3999999999999986,2.9,0.005645925761374,0.007900718298437859
Serviços Imobiliários,2013q3,2013-07-01,-0.0367334756970407,-0.0004291204384559,0.1002605765260633,0.9999999999999992,0.5,0.005645925761374,0.0011235956238264677
Serviços Imobiliários,2013q4,2013-10-01,0.0935800339882133,0.000103385553943,-0.0051700080106414,1.0066666666666677,-0.8,0.005645925761374,0.0
Serviços Imobiliários,2014q1,2014-01-01,0.0361647723838141,-0.0001856213191956,0.0377159237511521,0.8833333333333329,0.1,0.005645925761374,-0.009024313922264326
Serviços Imobiliários,2014q2,2014-04-01,0.0175037168025653,8.972402597185888e-05,-0.0584731026871309,0.4733333333333345,-2.5,0.005645925761374,-0.0022688608711911584
Serviços Imobiliários,2014q3,2014-07-01,-0.0360733193992368,-0.0001183183149436,0.0201713129360647,0.0099999999999997,-0.5,0.005645925761374,0.0011350739016640077
Serviços Imobiliários,2014q4,2014-10-01,-0.1204896841368095,0.0002039579383525,0.1122214031785634,0.3166666666666664,0.8,0.005645925761374,-0.0005673759017454927
Serviços Imobiliários,2015q1,2015-01-01,0.088295283244367,-0.0004008802615428,0.1177350169727408,0.966666666666665,-2.1,0.005645925761374,-0.0011357184639271267
Serviços Imobiliários,2015q2,2015-04-01,-0.0423575061874617,-0.0015604020475227,0.070384187388818,0.9533333333333333,-2.8,0.005645925761374,-0.0022753138371358617
Serviços Imobiliários,2015q3,2015-07-01,0.0012671980439149,-0.0008352094895305,0.143980752105993,0.860000000000003,-2.0,0.005645925761374,-0.005138464061005266
Serviços Imobiliários,2015q4,2015-10-01,0.050011189005926,-0.0005506222425168,0.0797658766568645,0.1533333333333324,-1.7,0.005645925761374,-0.002866152721608728
Serviços Imobiliários,2016q1,2016-01-01,0.0154159758407503,-8.13995164153611e-05,0.0173968279015088,0.0,-0.2,0.005645925761374,-0.007490671729157405
Serviços Imobiliários,2016q2,2016-04-01,0.0583588175909159,0.0006200188991227,-0.1079593239456664,0.0,-0.6,0.005645925761374,-0.002316156217830212
Serviços Imobiliários,2016q3,2016-07-01,-0.0357561908756798,3.903515401424381e-05,-0.0777746983075766,0.0,-1.0,0.005645925761374,-0.00348432408261079
Serviços Imobiliários,2016q4,2016-10-01,-0.0611593199409368,0.0008407794799052,0.0141069927539037,-0.2833333333333332,-1.7,0.005645925761374,-0.007005282588409045
Serviços Imobiliários,2017q1,2017-01-01,-0.0346505129191276,0.0001452939872908,-0.0467644039242707,-1.1533333333333342,0.9,0.005645925761374,0.007586847013058673
Serviços Imobiliários,2017q2,2017-04-01,0.0981416667391066,0.0002751868442948,0.022276980754688,-1.75,0.3,0.005645925761374,0.0029027596579611625
Serviços Imobiliários,2017q3,2017-07-01,-0.0159573012691849,0.0003830048526955,-0.0156069420199813,-1.793333333333333,0.3,0.005645925761374,-0.02049852154834131
Serviços Imobiliários,2017q4,2017-10-01,0.0507512349546814,0.0004319904099386,0.0260694902542464,-1.7000000000000002,1.1,0.005645925761374,-0.005934735519813827
Serviços Imobiliários,2018q1,2018-01-01,-0.0210375219832341,-0.0003460619541784,-0.0011502635576929,-0.7366666666666664,0.5,0.005645925761374,0.004158010148663571
Serviços Imobiliários,2018q2,2018-04-01,-0.0220527325180563,0.000331186896983,0.1057529863893771,-0.3333333333333321,-1.6,0.005645925761374,0.0005925926099337175
Serviços Imobiliários,2018q3,2018-07-01,-0.0218668232059862,-0.0001139520275578,0.0933432898754682,0.0,1.1,0.005645925761374,-0.008925974169078366
Serviços Imobiliários,2018q4,2018-10-01,0.0313923195732215,-0.0002125486660166,-0.038184795471472,0.0,-0.5,0.005645925761374,-0.0029931180681321834
Serviços Imobiliários,2019q1,2019-01-01,0.0023491099692778,9.170185705281948e-05,-0.0104125468079521,0.0,-0.9,0.005645925761374,-0.009033485097667437
Serviços Imobiliários,2019q2,2019-04-01,0.0361799905238431,7.196484272359949e-05,0.0385598504670683,0.0,0.6,0.005645925761374,0.001813237124181022
Serviços Imobiliários,2019q3,2019-07-01,-0.0360001857888887,-0.000430750362295,0.0138784943535894,-0.3966666666666674,0.2,0.005645925761374,0.005420067469338541
Serviços Imobiliários,2019q4,2019-10-01,0.0308425531170852,0.0002926536254173,0.0355251239156133,-1.0466666666666669,0.1,0.005645925761374,0.0006004203122440543
Serviços Imobiliários,2020q1,2020-01-01,0.03745914793621,-0.0003382546251155,0.079532534568028,-0.7766666666666664,-1.9,0.005645925761374,-0.0006004203122440543
Serviços Imobiliários,2020q2,2020-04-01,0.0713174656406208,-0.0008885328311798,0.1895430957543946,-1.1000000000000003,-11.8,0.005645925761374,-0.010869672236903938
Serviços Imobiliários,2020q3,2020-07-01,-0.0988641007251418,0.0016341615791035,-0.0015291043482092,-1.0833333333333333,15.4,0.005645925761374,-0.0042592093593958325
Serviços Imobiliários,2020q4,2020-10-01,0.0835672672217482,0.0002333112957202,0.0029879298816946,-0.0966666666666671,2.5,0.005645925761374,-0.013505423199807076
Serviços Imobiliários,2021q1,2021-01-01,-0.1264468929760172,-0.0002725510021299,0.0140826664952613,0.1100000000000001,1.7,0.005645925761374,0.004316997145400681
Serviços Imobiliários,2021q2,2021-04-01,0.0720139274216906,-0.0001969293564001,-0.0330454567971429,1.2233333333333332,-1.6,0.005645925761374,0.005523180656110682
Serviços Imobiliários,2021q3,2021-07-01,-0.0543987807570207,0.0004524539183139,-0.0124790997761965,1.6300000000000003,-1.1,0.005645925761374,0.004817020874583466
Serviços Imobiliários,2021q4,2021-10-01,0.0406872087789711,0.0002211490496273,0.0653942974104895,2.706666666666667,-2.7,0.005645925761374,0.008665728395902406
Serviços Imobiliários,2022q1,2022-01-01,-0.0388571753749564,6.079050868557895e-05,-0.0646933747126794,2.693333333333334,3.3,0.005645925761374,0.022744126119000008
Serviços Imobiliários,2022q2,2022-04-01,-0.0808132902770673,0.0005098712321175,-0.0615267522794715,2.086666666666666,1.5,0.005645925761374,0.003535071554701119
Serviços Imobiliários,2022q3,2022-07-01,-0.0017951931740602,-0.0002459354330609,0.0646621392188204,1.1100000000000012,0.5,0.005645925761374,0.0013518042765481297
Serviços Imobiliários,2022q4,2022-10-01,0.0274600546210832,-0.0004038976101456,0.0012057445663369,0.1899999999999995,-0.6,0.005645925761374,0.013146068907619046
Serviços Imobiliários,2023q1,2023-01-01,-0.0160612431418689,-0.0003148502918116,-0.0117061873342434,0.0,0.2,0.005645925761374,-0.004426893885050909
Serviços Imobiliários,2023q2,2023-04-01,0.0119738828364619,-0.0003574086201897,-0.0479624086240166,0.0,0.9,0.005645925761374,-0.007562776399954174
Serviços Imobiliários,2023q3,2023-07-01,0.0172767500748038,2.649821199626549e-05,-0.0144296190127115,-0.379999999999999,0.7,0.005645925761374,0.005563679116043829
Serviços Imobiliários,2023q4,2023-10-01,-0.071236436325206,-5.4822323355438174e-05,0.0148469251060516,-1.0400000000000027,1.5,0.005645925761374,0.006368022170764931
Serviços Imobiliários,2024q1,2024-01-01,-0.001512552072878,0.0006566848422442,-9.421518755781122e-05,-0.9633333333333328,0.6,0.005645925761374,0.008715482051075085
Serviços Imobiliários,2024q2,2024-04-01,-0.0015888117563935,0.0001182119529109,0.0519421897324703,-0.7633333333333319,0.5,0.005645925761374,0.0027603797122131013
Serviços Imobiliários,2024q3,2024-07-01,0.0452975336059688,0.0007271254197703,0.0610398418730573,-0.0700000000000002,0.7,0.005645925761374,-0.011655587016039526
Serviços Imobiliários,2024q4,2024-10-01,-0.0278211342965253,-0.0007303001714099,0.0522299686138909,0.7200000000000006,0.4,0.005645925761374,0.018748179836389767
Transporte,2012q2,2012-04-01,0.0267565735287118,0.0027588424107166,0.1049078733506749,-1.4366666666666674,-2.1,0.0463319200582381,0.0016727073875033582
Transporte,2012q3,2012-07-01,0.0713119946811868,0.0003631586600275,0.0327679155782643,-1.0999999999999996,1.5,0.0463319200582381,-0.006707683059238967
Transporte,2012q4,2012-10-01,-0.0598617597993951,-0.005739720051825,0.0145497445022559,-0.5933333333333328,-0.9,0.0463319200582381,-0.006188486698114559
Transporte,2013q1,2013-01-01,-0.0603883105910449,0.0026384497413102,-0.0309498006463821,-0.0499999999999989,0.3,0.0463319200582381,-0.003958161797628534
Transporte,2013q2,2013-04-01,0.0713365361995639,0.0106819404573171,0.0365370388477542,0.3999999999999986,2.9,0.0463319200582381,0.007900718298437859
Transporte,2013q3,2013-07-01,0.048778253681978,-0.0035214727735028,0.1002605765260633,0.9999999999999992,0.5,0.0463319200582381,0.0011235956238264677
Transporte,2013q4,2013-10-01,-0.0057566322261184,0.0008484084670816,-0.0051700080106414,1.0066666666666677,-0.8,0.0463319200582381,0.0
Transporte,2014q1,2014-01-01,-0.030102016109414,-0.0015232563242182,0.0377159237511521,0.8833333333333329,0.1,0.0463319200582381,-0.009024313922264326
Transporte,2014q2,2014-04-01,0.003512321462384,0.0007362984520752,-0.0584731026871309,0.4733333333333345,-2.5,0.0463319200582381,-0.0022688608711911584
Transporte,2014q3,2014-07-01,0.0896482955301243,-0.0009709505475434,0.0201713129360647,0.0099999999999997,-0.5,0.0463319200582381,0.0011350739016640077
Transporte,2014q4,2014-10-01,-0.0443126253228332,0.0016737313408625,0.1122214031785634,0.3166666666666664,0.8,0.0463319200582381,-0.0005673759017454927
Transporte,2015q1,2015-01-01,-0.0911557205256934,-0.0032897266127367,0.1177350169727408,0.966666666666665,-2.1,0.0463319200582381,-0.0011357184639271267
Transporte,2015q2,2015-04-01,0.0130199546112064,-0.0128050608492136,0.070384187388818,0.9533333333333333,-2.8,0.0463319200582381,-0.0022753138371358617
Transporte,2015q3,2015-07-01,0.0571080700935184,-0.0068539440538786,0.143980752105993,0.860000000000003,-2.0,0.0463319200582381,-0.005138464061005266
Transporte,2015q4,2015-10-01,-0.0722896296628805,-0.0045185478521715,0.0797658766568645,0.1533333333333324,-1.7,0.0463319200582381,-0.002866152721608728
Transporte,2016q1,2016-01-01,-0.0699501013030223,-0.0006679853839271,0.0173968279015088,0.0,-0.2,0.0463319200582381,-0.007490671729157405
Transporte,2016q2,2016-04-01,0.0196560480117504,0.0050880346789686,-0.1079593239456664,0.0,-0.6,0.0463319200582381,-0.002316156217830212
Transporte,2016q3,2016-07-01,0.0281204411460289,0.0003203325214833,-0.0777746983075766,0.0,-1.0,0.0463319200582381,-0.00348432408261079
Transporte,2016q4,2016-10-01,-0.0567890395839105,0.0068996528286082,0.0141069927539037,-0.2833333333333332,-1.7,0.0463319200582381,-0.007005282588409045
Transporte,2017q1,2017-01-01,-0.0052309534442618,0.0011923198583579,-0.0467644039242707,-1.1533333333333342,0.9,0.0463319200582381,0.007586847013058673
Transporte,2017q2,2017-04-01,0.0113813022715385,0.0022582540773337,0.022276980754688,-1.75,0.3,0.0463319200582381,0.0029027596579611625
Transporte,2017q3,2017-07-01,0.0527528886805299,0.0031430364066087,-0.0156069420199813,-1.793333333333333,0.3,0.0463319200582381,-0.02049852154834131
Transporte,2017q4,2017-10-01,-0.0029718554964377,0.0035450244982201,0.0260694902542464,-1.7000000000000002,1.1,0.0463319200582381,-0.005934735519813827
Transporte,2018q1,2018-01-01,-0.0617658878799214,-0.0028398734722811,-0.0011502635576929,-0.7366666666666664,0.5,0.0463319200582381,0.004158010148663571
Transporte,2018q2,2018-04-01,0.0004356678588277,0.0027178049240978,0.1057529863893771,-0.3333333333333321,-1.6,0.0463319200582381,0.0005925926099337175
Transporte,2018q3,2018-07-01,0.0818967743719008,-0.0009351196693735,0.0933432898754682,0.0,1.1,0.0463319200582381,-0.008925974169078366
Transporte,2018q4,2018-10-01,-0.0617408301905224,-0.0017442290633259,-0.038184795471472,0.0,-0.5,0.0463319200582381,-0.0029931180681321834
Transporte,2019q1,2019-01-01,-0.0517518244136565,0.000752529043019,-0.0104125468079521,0.0,-0.9,0.0463319200582381,-0.009033485097667437
Transporte,2019q2,2019-04-01,-0.006686283018227,0.000590562023129,0.0385598504670683,0.0,0.6,0.0463319200582381,0.001813237124181022
Transporte,2019q3,2019-07-01,0.0488608622238428,-0.0035348483480685,0.0138784943535894,-0.3966666666666674,0.2,0.0463319200582381,0.005420067469338541
Transporte,2019q4,2019-10-01,-0.0416988876620556,0.0024015909791719,0.0355251239156133,-1.0466666666666669,0.1,0.0463319200582381,0.0006004203122440543
Transporte,2020q1,2020-01-01,-0.0668203382018495,-0.0027758045203853,0.079532534568028,-0.7766666666666664,-1.9,0.0463319200582381,-0.0006004203122440543
Transporte,2020q2,2020-04-01,-0.1021560250503641,-0.0072915291208728,0.1895430957543946,-1.1000000000000003,-11.8,0.0463319200582381,-0.010869672236903938
Transporte,2020q3,2020-07-01,0.1940158489373231,0.0134103505510575,-0.0015291043482092,-1.0833333333333333,15.4,0.0463319200582381,-0.0042592093593958325
Transporte,2020q4,2020-10-01,0.0173388578235709,0.0019146125469714,0.0029879298816946,-0.0966666666666671,2.5,0.0463319200582381,-0.013505423199807076
Transporte,2021q1,2021-01-01,-0.0492750131556833,-0.0022366236780637,0.0140826664952613,0.1100000000000001,1.7,0.0463319200582381,0.004316997145400681
Transporte,2021q2,2021-04-01,-0.0068389558239447,-0.0016160529882049,-0.0330454567971429,1.2233333333333332,-1.6,0.0463319200582381,0.005523180656110682
Transporte,2021q3,2021-07-01,0.0029591610657473,0.0037129533152517,-0.0124790997761965,1.6300000000000003,-1.1,0.0463319200582381,0.004817020874583466
Transporte,2021q4,2021-10-01,-0.0084431047351984,0.0018148060249727,0.0653942974104895,2.706666666666667,-2.7,0.0463319200582381,0.008665728395902406
Transporte,2022q1,2022-01-01,-0.0117985201726984,0.0004988625617412,-0.0646933747126794,2.693333333333334,3.3,0.0463319200582381,0.022744126119000008
Transporte,2022q2,2022-04-01,0.0028596421544531,0.0041841345715318,-0.0615267522794715,2.086666666666666,1.5,0.0463319200582381,0.003535071554701119
Transporte,2022q3,2022-07-01,0.0203115520066385,-0.0020182094674396,0.0646621392188204,1.1100000000000012,0.5,0.0463319200582381,0.0013518042765481297
Transporte,2022q4,2022-10-01,-0.0245608466385587,-0.0033144877520361,0.0012057445663369,0.1899999999999995,-0.6,0.0463319200582381,0.013146068907619046
Transporte,2023q1,2023-01-01,-0.0234229945210837,-0.0025837425370219,-0.0117061873342434,0.0,0.2,0.0463319200582381,-0.004426893885050909
Transporte,2023q2,2023-04-01,0.0405105858356837,-0.0029329871341997,-0.0479624086240166,0.0,0.9,0.0463319200582381,-0.007562776399954174
Transporte,2023q3,2023-07-01,-0.0013275881720646,0.0002174511482769,-0.0144296190127115,-0.379999999999999,0.7,0.0463319200582381,0.005563679116043829
Transporte,2023q4,2023-10-01,-0.079510770829634,-0.0004498860967121,0.0148469251060516,-1.0400000000000027,1.5,0.0463319200582381,0.006368022170764931
Transporte,2024q1,2024-01-01,-0.0206958815816096,0.0053889248460317,-9.421518755781122e-05,-0.9633333333333328,0.6,0.0463319200582381,0.008715482051075085
Transporte,2024q2,2024-04-01,0.0306409531513787,0.0009700777133255,0.0519421897324703,-0.7633333333333319,0.5,0.0463319200582381,0.0027603797122131013
Transporte,2024q3,2024-07-01,0.0356721233921895,0.0059669783566044,0.0610398418730573,-0.0700000000000002,0.7,0.0463319200582381,-0.011655587016039526
Transporte,2024q4,2024-10-01,-0.0582843564859365,-0.0059930311857393,0.0522299686138909,0.7200000000000006,0.4,0.0463319200582381,0.018748179836389767
