Setor,Trimestre,Produtividade_Hora_Habitual,Estoque_TI_Setor,Densidade_TI,Capital_Humano_FGV,Selic
APU,2012q2,16.068570506384116,111374.10887192994,0.007740076615339401,100,8.87
APU,2012q3,15.745393908678066,117832.33925326006,0.008077040621281107,100.18153381347656,7.77
APU,2012q4,15.948179151898705,101453.16417098,0.0071161925338610165,100.7004165649414,7.176666666666667
APU,2013q1,16.390028178619495,103364.46098887,0.007416430187064499,101.4244155883789,7.126666666666668
APU,2013q2,16.443183613092877,98289.71300682999,0.006830899105476301,102.35550689697266,7.526666666666666
APU,2013q3,16.472889837897135,99887.68146472,0.006870341972257829,102.14210510253906,8.526666666666666
APU,2013q4,16.506454934215498,99527.17726695002,0.006851030997780296,102.35945129394531,9.533333333333333
APU,2014q1,16.270796239513984,99136.97147667999,0.006834408590752796,103.20686340332031,10.416666666666666
APU,2014q2,16.294324507721708,94655.97766641,0.006385461875409908,104.41029357910156,10.89
APU,2014q3,16.232266820609055,111548.49750872998,0.007501851141883098,104.5859375,10.9
APU,2014q4,16.318249893507367,128531.04769863994,0.008533821653223842,105.12271881103516,11.216666666666667
APU,2015q1,16.380122499883587,112266.85044347995,0.007663090299266401,106.01679229736328,12.183333333333332
APU,2015q2,16.233316142507288,116355.70529725996,0.007777138529087036,107.37136840820312,13.136666666666665
APU,2015q3,16.182068413428848,111089.74921503998,0.007333332117824848,107.95160675048828,13.996666666666668
APU,2015q4,15.893070392244717,123664.57915668002,0.00803855724330004,106.95196533203125,14.15
APU,2016q1,16.1631767407501,114040.90767339,0.007582673386362678,109.09098815917969,14.15
APU,2016q2,16.115466149217426,122490.51494014,0.00794271284710002,109.75340270996094,14.15
APU,2016q3,15.880975657483871,116883.31961473,0.007551488405828119,110.8108901977539,14.15
APU,2016q4,15.89181182743777,127258.69484476,0.00836043094049377,111.60974884033203,13.866666666666667
APU,2017q1,16.288663997049156,119356.28833150004,0.008095604532269757,111.98241424560547,12.713333333333333
APU,2017q2,16.21063759634622,113865.21254264,0.007467861529931232,112.41259002685547,10.963333333333333
APU,2017q3,16.023833157007022,111922.76336889998,0.007225734493823923,113.01736450195312,9.17
APU,2017q4,15.905747489738555,112299.52919508,0.0072462547923702264,112.57491302490234,7.47
APU,2018q1,16.06916797185889,113576.51776983,0.007437422506166848,113.65958404541016,6.733333333333333
APU,2018q2,15.886980067005531,94484.4859157,0.005975037107958395,114.9787368774414,6.400000000000001
APU,2018q3,15.654513566110031,113008.09377114002,0.007052019598064021,115.1507797241211,6.400000000000001
APU,2018q4,15.57487955538826,114221.78138585998,0.007094689777188146,115.61083984375,6.400000000000001
APU,2019q1,15.793228956622157,109164.31780962997,0.006931693092894438,116.07392120361328,6.400000000000001
APU,2019q2,15.67648634388673,124298.21580099,0.007660602191848535,116.75357818603516,6.400000000000001
APU,2019q3,15.488549407574933,109536.46401979998,0.006719711411596998,116.94534301757812,6.003333333333334
APU,2019q4,15.40667609575425,105794.09600277,0.006486099138225854,117.18951416015625,4.956666666666667
APU,2020q1,15.336637045542917,108031.99763501,0.006635988455917693,117.7695541381836,4.180000000000001
APU,2020q2,13.5254111071483,117600.11461988,0.007180351965874396,123.0787124633789,3.08
APU,2020q3,14.464795395183195,145155.41499497998,0.009215763839015416,124.04821014404297,1.9966666666666668
APU,2020q4,14.373715667735809,112575.96293229998,0.00696073113708111,124.14573669433594,1.8999999999999997
APU,2021q1,14.583591827354288,128456.95598295004,0.007996734966309227,124.17011260986328,2.01
APU,2021q2,14.83612989154756,136981.23493694997,0.008454622471494646,123.7278060913086,3.233333333333333
APU,2021q3,15.44847218928336,128846.43563200992,0.008037706738465041,120.86347198486328,4.863333333333333
APU,2021q4,15.350826313415594,111258.3472783,0.006789453094309666,120.00018310546875,7.57
APU,2022q1,15.401624867091936,115616.06249723004,0.007068753460750168,119.99581909179688,10.263333333333334
APU,2022q2,14.67643760818152,117818.66502692996,0.006892204754894562,120.35163879394531,12.35
APU,2022q3,14.576988061489452,137731.29556527996,0.007911403716781434,120.68605041503906,13.46
APU,2022q4,14.427858993902186,129601.97413449998,0.007369534569088865,120.80690002441406,13.65
APU,2023q1,14.897136745887666,127213.95945409,0.007408619706821078,121.36286926269531,13.65
APU,2023q2,14.705913657919854,137160.99429541,0.007668072066270911,122.77163696289062,13.65
APU,2023q3,14.81827057379716,136830.42233682005,0.007562154224930641,123.06672668457031,13.270000000000001
APU,2023q4,14.621179124300268,163976.24084093006,0.009089032635666185,123.19367980957031,12.229999999999999
APU,2024q1,14.816455847926072,135694.32924629,0.007657231804409426,123.5212173461914,11.266666666666666
APU,2024q2,14.347811684091129,137491.13391027003,0.007402869286462544,124.31383514404297,10.503333333333334
APU,2024q3,14.45893275100074,145229.39466025008,0.007751159138648078,124.24364471435547,10.433333333333334
APU,2024q4,14.199738058714434,138610.13460125003,0.007400065283548714,125.28343200683594,11.153333333333334
APU,2025q1,14.367914521626435,126440.53775859,0.007000024068318563,125.89030456542969,12.986666666666666
APU,2025q2,14.045850780378998,133737.69978855,0.007087198077301579,126.30794525146484,14.479999999999999
APU,2025q3,14.227183939695822,165149.70291874994,0.008655448589145309,126.67884063720703,14.9
Comércio,2012q2,6.329422949909522,5203.3977134100005,0.001875033424753348,100,8.87
Comércio,2012q3,6.686881257352775,2652.48328807,0.0009807003648564874,100.18153381347656,7.77
Comércio,2012q4,6.54028292297754,3035.1405586699993,0.0011078295861633774,100.7004165649414,7.176666666666667
Comércio,2013q1,6.1629479525616775,3865.50980231,0.0013945464999182602,101.4244155883789,7.126666666666668
Comércio,2013q2,6.488703199594344,6926.363379089999,0.0025247448824841615,102.35550689697266,7.526666666666666
Comércio,2013q3,6.622218107906998,2205.7074977499997,0.0008069316861486221,102.14210510253906,8.526666666666666
Comércio,2013q4,6.567010146829572,5893.945322190001,0.002091271582842121,102.35945129394531,9.533333333333333
Comércio,2014q1,6.239992970671116,4111.976637669999,0.0014906563365299367,103.20686340332031,10.416666666666666
Comércio,2014q2,6.310250754495741,5067.17663827,0.001789921410126774,104.41029357910156,10.89
Comércio,2014q3,6.656273988010388,7710.687286990002,0.0027286009235366927,104.5859375,10.9
Comércio,2014q4,6.656447338602396,4900.066164209999,0.001739743848406292,105.12271881103516,11.216666666666667
Comércio,2015q1,6.082267326470012,6237.82082167,0.0022104655459428474,106.01679229736328,12.183333333333332
Comércio,2015q2,5.933257129386273,10688.03572231,0.0037103618748382658,107.37136840820312,13.136666666666665
Comércio,2015q3,6.040147165305234,2732.4830533199997,0.0009743790545173153,107.95160675048828,13.996666666666668
Comércio,2015q4,6.022225470823996,4628.94592894,0.0016186300333860908,106.95196533203125,14.15
Comércio,2016q1,5.574411383936897,7476.324911880001,0.002592722847694004,109.09098815917969,14.15
Comércio,2016q2,5.694926960907686,8452.93142587,0.0029602839534592067,109.75340270996094,14.15
Comércio,2016q3,6.027748225788203,10392.51844697,0.0037138568306563082,110.8108901977539,14.15
Comércio,2016q4,5.8663352943352205,10023.00154262,0.003555148318775995,111.60974884033203,13.866666666666667
Comércio,2017q1,5.582418400857186,7397.99054302,0.002661068933856781,111.98241424560547,12.713333333333333
Comércio,2017q2,5.811016120815391,9510.3687168,0.003480307843163036,112.41259002685547,10.963333333333333
Comércio,2017q3,6.219077343946774,11053.1599509,0.00393209185575761,113.01736450195312,9.17
Comércio,2017q4,6.093050124283714,8796.08724649,0.0030651304519115816,112.57491302490234,7.47
Comércio,2018q1,5.820831685439718,6911.6758825,0.002390881178659585,113.65958404541016,6.733333333333333
Comércio,2018q2,5.932615973339941,6462.81899424,0.0023423904095111045,114.9787368774414,6.400000000000001
Comércio,2018q3,6.249800883692882,7051.10491769,0.00252525001207783,115.1507797241211,6.400000000000001
Comércio,2018q4,6.104867195381118,6496.6421027,0.0022720597701950643,115.61083984375,6.400000000000001
Comércio,2019q1,5.7776497604191235,7068.39376391,0.002525584826246604,116.07392120361328,6.400000000000001
Comércio,2019q2,5.942878844021746,6193.27851715,0.0021902829641858423,116.75357818603516,6.400000000000001
Comércio,2019q3,6.334405611428471,4413.48478102,0.0015316699088037422,116.94534301757812,6.003333333333334
Comércio,2019q4,6.189200037745078,5099.76100934,0.0017537604909982783,117.18951416015625,4.956666666666667
Comércio,2020q1,5.979222353980856,5553.46690997,0.0019237738622607115,117.7695541381836,4.180000000000001
Comércio,2020q2,5.947771864316669,2445.80518059,0.0009526710790493663,123.0787124633789,3.08
Comércio,2020q3,7.296456331094155,0.0,,124.04821014404297,1.9966666666666668
Comércio,2020q4,7.12445213754089,4269.6467425,0.0015623933164121185,124.14573669433594,1.8999999999999997
Comércio,2021q1,6.68877847521496,11533.54467156,0.004294424145348489,124.17011260986328,2.01
Comércio,2021q2,6.620746643857222,4613.58761909,0.0016627584473142098,123.7278060913086,3.233333333333333
Comércio,2021q3,6.548496249153142,3108.52623734,0.0010812699285679753,120.86347198486328,4.863333333333333
Comércio,2021q4,6.282108054969037,6481.242534049999,0.002217814500300629,120.00018310546875,7.57
Comércio,2022q1,5.802089877667544,3949.55116012,0.0013071390125464135,119.99581909179688,10.263333333333334
Comércio,2022q2,5.867670206024053,5057.969786649999,0.001635808221144463,120.35163879394531,12.35
Comércio,2022q3,6.1671829547579256,4063.68989806,0.0013029233046892303,120.68605041503906,13.46
Comércio,2022q4,6.065555906963612,5158.00656001,0.0016901248151946465,120.80690002441406,13.65
Comércio,2023q1,5.744602016716882,3153.87596862,0.0010464046609809266,121.36286926269531,13.65
Comércio,2023q2,5.983523984125614,5233.93605022,0.00169476645949154,122.77163696289062,13.65
Comércio,2023q3,6.322320455039056,3147.9712149499996,0.0010123096514318575,123.06672668457031,13.270000000000001
Comércio,2023q4,6.072798374939785,5451.084580430001,0.0017197258447405966,123.19367980957031,12.229999999999999
Comércio,2024q1,5.849036596647578,1684.05403355,0.0005413897965356552,123.5212173461914,11.266666666666666
Comércio,2024q2,6.049778604681248,6367.561510500001,0.0019746687052416135,124.31383514404297,10.503333333333334
Comércio,2024q3,6.3747385713978675,6434.542283330001,0.0019457001380269376,124.24364471435547,10.433333333333334
Comércio,2024q4,6.178362191131488,4580.092229419999,0.0013935067373460927,125.28343200683594,11.153333333333334
Comércio,2025q1,5.82068373181038,8214.7450737,0.002581215573337514,125.89030456542969,12.986666666666666
Comércio,2025q2,5.926894091437871,15015.75635321,0.0045550162626056085,126.30794525146484,14.479999999999999
Comércio,2025q3,6.426736229583584,6941.919563280001,0.0020747693212745267,126.67884063720703,14.9
Intermediação Financeira,2012q2,43.47970060029653,48849.08465229999,0.0387010764497058,100,8.87
Intermediação Financeira,2012q3,44.66390708610377,39779.67318089001,0.03181497357204183,100.18153381347656,7.77
Intermediação Financeira,2012q4,43.40446080093396,52215.20379626001,0.03938467069637724,100.7004165649414,7.176666666666667
Intermediação Financeira,2013q1,42.9276200228463,38586.20880879,0.030026157934415213,101.4244155883789,7.126666666666668
Intermediação Financeira,2013q2,42.77344248027904,57891.92271327001,0.0436304773810711,102.35550689697266,7.526666666666666
Intermediação Financeira,2013q3,44.45571845226495,58992.16516622,0.046024392047296,102.14210510253906,8.526666666666666
Intermediação Financeira,2013q4,44.135461570013184,51842.587961529985,0.039815706851715364,102.35945129394531,9.533333333333333
Intermediação Financeira,2014q1,42.82200050424401,43508.87092088,0.032863166844023704,103.20686340332031,10.416666666666666
Intermediação Financeira,2014q2,43.24858709431869,41675.91024773,0.032035340690888606,104.41029357910156,10.89
Intermediação Financeira,2014q3,42.18604604604595,40334.29558654001,0.029837120240521105,104.5859375,10.9
Intermediação Financeira,2014q4,43.26565044240226,57811.12080728,0.04295024880310578,105.12271881103516,11.216666666666667
Intermediação Financeira,2015q1,43.575776165609945,55155.83107609998,0.04234280776659902,106.01679229736328,12.183333333333332
Intermediação Financeira,2015q2,43.75451300436463,43187.50877296,0.03364659330196528,107.37136840820312,13.136666666666665
Intermediação Financeira,2015q3,46.338008015798486,40083.07537243001,0.03316555853378057,107.95160675048828,13.996666666666668
Intermediação Financeira,2015q4,47.76336439454321,42908.40276986,0.03546969488296375,106.95196533203125,14.15
Intermediação Financeira,2016q1,43.03792630530189,47482.4994487,0.03733194360378419,109.09098815917969,14.15
Intermediação Financeira,2016q2,44.76965117741305,61422.89598101001,0.05103877915380147,109.75340270996094,14.15
Intermediação Financeira,2016q3,43.21083929759968,52648.04205306001,0.04318891139478543,110.8108901977539,14.15
Intermediação Financeira,2016q4,42.57000523768977,56097.74153811,0.04434117308732821,111.60974884033203,13.866666666666667
Intermediação Financeira,2017q1,40.45813359943225,55974.59080462,0.043826413703061076,111.98241424560547,12.713333333333333
Intermediação Financeira,2017q2,43.73229410990746,53728.03650477,0.04487450480430792,112.41259002685547,10.963333333333333
Intermediação Financeira,2017q3,41.64991586634351,65119.08206025,0.05189699803048932,113.01736450195312,9.17
Intermediação Financeira,2017q4,42.67392726787711,66715.59561168999,0.05193206750895915,112.57491302490234,7.47
Intermediação Financeira,2018q1,41.72488174677449,70225.32604033,0.05552712399311089,113.65958404541016,6.733333333333333
Intermediação Financeira,2018q2,42.646573000321574,59183.90296495999,0.04712008180827713,114.9787368774414,6.400000000000001
Intermediação Financeira,2018q3,41.801993896689766,72231.81876665,0.0566107615464751,115.1507797241211,6.400000000000001
Intermediação Financeira,2018q4,43.22311972389763,68140.57672381,0.05361096976487498,115.61083984375,6.400000000000001
Intermediação Financeira,2019q1,40.50922880740979,58007.650733229995,0.04430267069797375,116.07392120361328,6.400000000000001
Intermediação Financeira,2019q2,40.027234723660776,76327.62229094004,0.057671210884261775,116.75357818603516,6.400000000000001
Intermediação Financeira,2019q3,41.4986672203437,62202.03364892001,0.04758111577036738,116.94534301757812,6.003333333333334
Intermediação Financeira,2019q4,43.938554996120125,67536.87246194002,0.05250301445336215,117.18951416015625,4.956666666666667
Intermediação Financeira,2020q1,40.8892716208699,76572.23666955001,0.05856389692722445,117.7695541381836,4.180000000000001
Intermediação Financeira,2020q2,46.06563681941588,59277.82032286,0.0474345294787371,123.0787124633789,3.08
Intermediação Financeira,2020q3,47.12139171232999,57670.35705151001,0.04762534800871252,124.04821014404297,1.9966666666666668
Intermediação Financeira,2020q4,41.86635367670437,68389.26533356,0.049355233184281706,124.14573669433594,1.8999999999999997
Intermediação Financeira,2021q1,38.90220675923479,68215.31762408999,0.048923131350313794,124.17011260986328,2.01
Intermediação Financeira,2021q2,39.35349875910707,99622.29288959,0.0726978909444604,123.7278060913086,3.233333333333333
Intermediação Financeira,2021q3,40.55973201735893,74024.47931506002,0.05442611568400101,120.86347198486328,4.863333333333333
Intermediação Financeira,2021q4,40.41193261697225,89130.10950424,0.06208504304888239,120.00018310546875,7.57
Intermediação Financeira,2022q1,37.45054965745948,107840.87347792,0.07472163597685502,119.99581909179688,10.263333333333334
Intermediação Financeira,2022q2,35.61724529183096,108914.51902886,0.07277500177774233,120.35163879394531,12.35
Intermediação Financeira,2022q3,36.434806918181366,118375.42750689,0.07702352383963298,120.68605041503906,13.46
Intermediação Financeira,2022q4,36.278450015676384,137073.24128972,0.08508965101557443,120.80690002441406,13.65
Intermediação Financeira,2023q1,35.91748814669867,107494.26472718998,0.06747031573372345,121.36286926269531,13.65
Intermediação Financeira,2023q2,37.03029944390921,119508.85378782,0.07696363735073862,122.77163696289062,13.65
Intermediação Financeira,2023q3,37.13186459841968,111220.78792103002,0.0681407497941091,123.06672668457031,13.270000000000001
Intermediação Financeira,2023q4,39.64436697266555,131821.38477388996,0.08277761663374796,123.19367980957031,12.229999999999999
Intermediação Financeira,2024q1,38.41798205950623,122188.43049873,0.07676817938235436,123.5212173461914,11.266666666666666
Intermediação Financeira,2024q2,39.841832925325505,148753.12704167998,0.09547425667353139,124.31383514404297,10.503333333333334
Intermediação Financeira,2024q3,39.82397165647628,120425.49097199,0.07478530943380547,124.24364471435547,10.433333333333334
Intermediação Financeira,2024q4,41.7032111021718,146265.68122075003,0.09334066356316716,125.28343200683594,11.153333333333334
Intermediação Financeira,2025q1,37.59789429183682,138425.3244099,0.08630980519454844,125.89030456542969,12.986666666666666
Intermediação Financeira,2025q2,36.94963808525544,158973.31426166004,0.09587233587323528,126.30794525146484,14.479999999999999
Intermediação Financeira,2025q3,38.53255936522224,150353.06513922004,0.09340226602000598,126.67884063720703,14.9
Outros Serviços,2012q2,5.790111308153887,43460.68162344,0.004436462608894797,100,8.87
Outros Serviços,2012q3,5.863402997417075,37752.82745706,0.003777181012692023,100.18153381347656,7.77
Outros Serviços,2012q4,6.174225840061996,34912.551998049996,0.003521810871002566,100.7004165649414,7.176666666666667
Outros Serviços,2013q1,5.655375119417294,41910.82695427001,0.004205425000056592,101.4244155883789,7.126666666666668
Outros Serviços,2013q2,5.817465972022738,37828.52828660001,0.003833437436889924,102.35550689697266,7.526666666666666
Outros Serviços,2013q3,5.906944545097087,30928.23585667,0.0031124341349939143,102.14210510253906,8.526666666666666
Outros Serviços,2013q4,6.082950431391185,37242.28842696,0.0037284570024964507,102.35945129394531,9.533333333333333
Outros Serviços,2014q1,5.684224760600106,40526.162333329994,0.004067739739848464,103.20686340332031,10.416666666666666
Outros Serviços,2014q2,5.734706154089994,53140.76654963,0.005289955868400824,104.41029357910156,10.89
Outros Serviços,2014q3,5.7266716373597335,44164.8455185,0.004345471562632138,104.5859375,10.9
Outros Serviços,2014q4,5.80982971356353,41977.14981850001,0.004167769608591872,105.12271881103516,11.216666666666667
Outros Serviços,2015q1,5.48118689628172,40782.91077002,0.004063512012288114,106.01679229736328,12.183333333333332
Outros Serviços,2015q2,5.478560903299965,39165.68496361,0.003898844014379426,107.37136840820312,13.136666666666665
Outros Serviços,2015q3,5.4434624488651915,40052.90719473999,0.003952917781619603,107.95160675048828,13.996666666666668
Outros Serviços,2015q4,5.610217712155797,50915.96986685001,0.0048843462613861926,106.95196533203125,14.15
Outros Serviços,2016q1,5.359792842071396,45585.824301340006,0.004414324754386516,109.09098815917969,14.15
Outros Serviços,2016q2,5.434250377371557,53026.44957578,0.005131582935366516,109.75340270996094,14.15
Outros Serviços,2016q3,5.477971510292515,43376.27948374998,0.004172055554867732,110.8108901977539,14.15
Outros Serviços,2016q4,5.545378580324175,36819.31683863,0.0035569904457587375,111.60974884033203,13.866666666666667
Outros Serviços,2017q1,5.244319769614192,40970.052513040006,0.004020157618914907,111.98241424560547,12.713333333333333
Outros Serviços,2017q2,5.361835714968258,46919.705487169995,0.004475586713041238,112.41259002685547,10.963333333333333
Outros Serviços,2017q3,5.372202827831957,30637.400574160005,0.002889930989608342,113.01736450195312,9.17
Outros Serviços,2017q4,5.372020411992316,35769.49059290999,0.0032608143886669262,112.57491302490234,7.47
Outros Serviços,2018q1,5.189246424503944,33684.60791569999,0.003119576955426617,113.65958404541016,6.733333333333333
Outros Serviços,2018q2,5.405154002580956,30083.6768407,0.0027740100548303073,114.9787368774414,6.400000000000001
Outros Serviços,2018q3,5.419029162420177,34682.37649213001,0.0031284302284394334,115.1507797241211,6.400000000000001
Outros Serviços,2018q4,5.4161145314608925,27040.467764,0.0024337590351900936,115.61083984375,6.400000000000001
Outros Serviços,2019q1,5.216141210573148,26263.21632330001,0.002409368668448002,116.07392120361328,6.400000000000001
Outros Serviços,2019q2,5.287161987882654,30186.51885752,0.0026931416471783357,116.75357818603516,6.400000000000001
Outros Serviços,2019q3,5.31026406156241,25541.172864529995,0.002263026892162504,116.94534301757812,6.003333333333334
Outros Serviços,2019q4,5.406725748727042,23484.58140456,0.002045753493189574,117.18951416015625,4.956666666666667
Outros Serviços,2020q1,5.114104460764542,35410.75586559,0.0032545594267252517,117.7695541381836,4.180000000000001
Outros Serviços,2020q2,5.083290599395005,26053.537985770003,0.002976694478445705,123.0787124633789,3.08
Outros Serviços,2020q3,5.866627000186742,22908.45650735,0.002686712343487255,124.04821014404297,1.9966666666666668
Outros Serviços,2020q4,6.055321444513025,30183.075371370003,0.0033402929480369904,124.14573669433594,1.8999999999999997
Outros Serviços,2021q1,5.736122913016091,32719.21823188,0.0036692757015418112,124.17011260986328,2.01
Outros Serviços,2021q2,5.731276057072719,25371.143891910004,0.0027272662766881445,123.7278060913086,3.233333333333333
Outros Serviços,2021q3,5.844056020182682,19280.59565655,0.0019631988108776764,120.86347198486328,4.863333333333333
Outros Serviços,2021q4,5.709401614569009,15398.06187657,0.0014405557368124583,120.00018310546875,7.57
Outros Serviços,2022q1,5.522712600895078,21177.33347773,0.001990926000952447,119.99581909179688,10.263333333333334
Outros Serviços,2022q2,5.69815784455357,17356.6706864,0.001573433546693126,120.35163879394531,12.35
Outros Serviços,2022q3,5.866204469082493,17843.593277709995,0.0015636662188355343,120.68605041503906,13.46
Outros Serviços,2022q4,5.94864811063643,19723.036662209997,0.0017450371690970348,120.80690002441406,13.65
Outros Serviços,2023q1,5.619821361727899,12119.61382127,0.0011084801215846957,121.36286926269531,13.65
Outros Serviços,2023q2,5.714329762375752,28745.410833229995,0.002577245373844505,122.77163696289062,13.65
Outros Serviços,2023q3,5.8251884843417905,29082.453943530007,0.0026186265926819267,123.06672668457031,13.270000000000001
Outros Serviços,2023q4,5.924616528700491,26538.36157268,0.0022840497164260502,123.19367980957031,12.229999999999999
Outros Serviços,2024q1,5.680515623984122,17238.838861440003,0.0015157071213834636,123.5212173461914,11.266666666666666
Outros Serviços,2024q2,5.771200390877442,19852.926953029997,0.0017311663174752188,124.31383514404297,10.503333333333334
Outros Serviços,2024q3,5.9498442010089825,22560.39868321,0.0019421786789182857,124.24364471435547,10.433333333333334
Outros Serviços,2024q4,5.9613499307812186,24556.85043846,0.0021138989674283314,125.28343200683594,11.153333333333334
Outros Serviços,2025q1,5.67155515767565,33366.692121399996,0.002995674289108787,125.89030456542969,12.986666666666666
Outros Serviços,2025q2,5.784281896817535,31057.94486091,0.002747811022671924,126.30794525146484,14.479999999999999
Outros Serviços,2025q3,5.944329312102354,32773.90620413,0.0029782424821041984,126.67884063720703,14.9
Serviço de Informação,2012q2,18.114704007121603,370536.15954073,0.26770494944554724,100,8.87
Serviço de Informação,2012q3,18.31873840436385,393088.97097796,0.27824908175550805,100.18153381347656,7.77
Serviço de Informação,2012q4,20.127159626239727,372776.12429805007,0.2698457722604092,100.7004165649414,7.176666666666667
Serviço de Informação,2013q1,18.425847233848465,409938.5188674301,0.29755112880952356,101.4244155883789,7.126666666666668
Serviço de Informação,2013q2,19.24487154981433,403012.90217028995,0.294270682087407,102.35550689697266,7.526666666666666
Serviço de Informação,2013q3,18.805702442294,395441.53502275,0.28292511772454765,102.14210510253906,8.526666666666666
Serviço de Informação,2013q4,20.434999758087788,402728.8764430001,0.2808981309228122,102.35945129394531,9.533333333333333
Serviço de Informação,2014q1,19.047209368815505,372526.5054073699,0.26076638537286306,103.20686340332031,10.416666666666666
Serviço de Informação,2014q2,19.6180782290496,367128.79205338,0.2587898630237368,104.41029357910156,10.89
Serviço de Informação,2014q3,19.72506508174521,392178.17707721,0.2773230531871021,104.5859375,10.9
Serviço de Informação,2014q4,21.126750356813098,428333.66093114024,0.3056478762625427,105.12271881103516,11.216666666666667
Serviço de Informação,2015q1,20.351685379667146,424053.60906888,0.31015835723475976,106.01679229736328,12.183333333333332
Serviço de Informação,2015q2,19.69595431932356,420675.92912606994,0.3017324544102148,107.37136840820312,13.136666666666665
Serviço de Informação,2015q3,18.755546656726196,448355.21717736014,0.31236644457858087,107.95160675048828,13.996666666666668
Serviço de Informação,2015q4,21.753145865147015,433608.68789685005,0.32896482166800606,106.95196533203125,14.15
Serviço de Informação,2016q1,20.664639490167463,430369.67128778,0.32875642827505286,109.09098815917969,14.15
Serviço de Informação,2016q2,20.592276517944725,434413.05138517,0.33249827748761307,109.75340270996094,14.15
Serviço de Informação,2016q3,20.46784393474229,440944.17251687,0.33049224043487624,110.8108901977539,14.15
Serviço de Informação,2016q4,20.559978173581577,456230.35359508,0.33374477214524306,111.60974884033203,13.866666666666667
Serviço de Informação,2017q1,20.44760341614727,451768.3927084698,0.34139191710901745,111.98241424560547,12.713333333333333
Serviço de Informação,2017q2,20.50948339730061,455586.1016335601,0.3462477776701003,112.41259002685547,10.963333333333333
Serviço de Informação,2017q3,19.156861410534095,483922.4495930299,0.33943673578216627,113.01736450195312,9.17
Serviço de Informação,2017q4,21.66676601663784,475470.35396454023,0.350784107373969,112.57491302490234,7.47
Serviço de Informação,2018q1,20.457002403466102,475565.59622343007,0.35913399318990963,113.65958404541016,6.733333333333333
Serviço de Informação,2018q2,20.927592266174575,452404.22236534016,0.3399855656239649,114.9787368774414,6.400000000000001
Serviço de Informação,2018q3,19.80445667592272,490505.28473098006,0.3472512699363364,115.1507797241211,6.400000000000001
Serviço de Informação,2018q4,21.22228573192658,493892.1860784901,0.3525053929456944,115.61083984375,6.400000000000001
Serviço de Informação,2019q1,19.439232329363907,502431.9743563298,0.3481934384583704,116.07392120361328,6.400000000000001
Serviço de Informação,2019q2,20.138519719810947,518804.2603198598,0.36545018643169863,116.75357818603516,6.400000000000001
Serviço de Informação,2019q3,20.17011641835823,525150.9161982099,0.36560204763237536,116.94534301757812,6.003333333333334
Serviço de Informação,2019q4,21.22693797614415,531773.77634989,0.35614270684466526,117.18951416015625,4.956666666666667
Serviço de Informação,2020q1,18.539745377979884,565930.4754018801,0.3646462964669724,117.7695541381836,4.180000000000001
Serviço de Informação,2020q2,19.567715011723298,596735.5745456599,0.4024387216595814,123.0787124633789,3.08
Serviço de Informação,2020q3,19.41155260222973,661201.8450895901,0.43570610312640956,124.04821014404297,1.9966666666666668
Serviço de Informação,2020q4,21.630739896407544,674640.72177242,0.43911413594745313,124.14573669433594,1.8999999999999997
Serviço de Informação,2021q1,19.76251727198388,744119.5463097201,0.47475107709017084,124.17011260986328,2.01
Serviço de Informação,2021q2,19.501592600226715,770776.2579795795,0.4518916434166865,123.7278060913086,3.233333333333333
Serviço de Informação,2021q3,20.68140271674186,703118.8789396597,0.42111398679112444,120.86347198486328,4.863333333333333
Serviço de Informação,2021q4,20.435047889536513,773550.3858951703,0.4215472537107317,120.00018310546875,7.57
Serviço de Informação,2022q1,18.729511940381887,719333.7119605499,0.4058843238739618,119.99581909179688,10.263333333333334
Serviço de Informação,2022q2,17.96438962857089,773901.9310267203,0.4008933955280764,120.35163879394531,12.35
Serviço de Informação,2022q3,20.27030326824065,749052.51870852,0.4167718065363107,120.68605041503906,13.46
Serviço de Informação,2022q4,21.63108200593537,767247.83655891,0.41724309469931253,120.80690002441406,13.65
Serviço de Informação,2023q1,19.772707205032052,769203.4563530999,0.42999426351918046,121.36286926269531,13.65
Serviço de Informação,2023q2,19.683966737463237,796786.0302713504,0.4297067265917564,122.77163696289062,13.65
Serviço de Informação,2023q3,19.225779977748065,860179.80563872,0.441834154697879,123.06672668457031,13.270000000000001
Serviço de Informação,2023q4,19.85349576025124,955934.10273117,0.47152716257766214,123.19367980957031,12.229999999999999
Serviço de Informação,2024q1,18.931647280481258,862831.5568386703,0.44373213539099043,123.5212173461914,11.266666666666666
Serviço de Informação,2024q2,18.735432906043336,890342.7741316396,0.4389043313064198,124.31383514404297,10.503333333333334
Serviço de Informação,2024q3,19.90195161140835,859024.7718038898,0.4258316314125774,124.24364471435547,10.433333333333334
Serviço de Informação,2024q4,21.234049376624128,851952.8489170901,0.4257148591309295,125.28343200683594,11.153333333333334
Serviço de Informação,2025q1,19.89614093014248,844141.0433747,0.43581042675686565,125.89030456542969,12.986666666666666
Serviço de Informação,2025q2,20.621796305084096,825910.6179299899,0.4286938693548323,126.30794525146484,14.479999999999999
Serviço de Informação,2025q3,21.717915961003285,837404.15664424,0.4382393301476073,126.67884063720703,14.9
Serviços Imobiliários,2012q2,125.73986671543398,2829.35710026,0.005227342371013552,100,8.87
Serviços Imobiliários,2012q3,129.96808313564856,873.40369286,0.0016412482836016418,100.18153381347656,7.77
Serviços Imobiliários,2012q4,125.37164824012862,663.39576504,0.001188083059075365,100.7004165649414,7.176666666666667
Serviços Imobiliários,2013q1,127.83788195003017,271.94041531,0.0004945435949923396,101.4244155883789,7.126666666666668
Serviços Imobiliários,2013q2,125.73892457735596,141.44417902,0.00024777082914299734,102.35550689697266,7.526666666666666
Serviços Imobiliários,2013q3,121.20390038022776,968.28321523,0.001651421847470837,102.14210510253906,8.526666666666666
Serviços Imobiliários,2013q4,133.0938193867339,512.5966246600001,0.0009392188087721571,102.35945129394531,9.533333333333333
Serviços Imobiliários,2014q1,137.99522192755876,1109.79062063,0.0020903937106191432,103.20686340332031,10.416666666666666
Serviços Imobiliários,2014q2,140.4319145888976,2933.91677013,0.005603613221424251,104.41029357910156,10.89
Serviços Imobiliários,2014q3,135.45635136102888,3601.2830886500005,0.0066119226671322515,104.5859375,10.9
Serviços Imobiliários,2014q4,120.0801905413853,3970.71201967,0.0064575792498003165,105.12271881103516,11.216666666666667
Serviços Imobiliários,2015q1,131.16486683178698,3847.7324968,0.006833832036096776,106.01679229736328,12.183333333333332
Serviços Imobiliários,2015q2,125.72507155135548,6410.20757929,0.010819513046371099,107.37136840820312,13.136666666666665
Serviços Imobiliários,2015q3,125.88449110283544,1000.1932959,0.00172172033478369,107.95160675048828,13.996666666666668
Serviços Imobiliários,2015q4,132.34020772550002,1520.07303519,0.0026499399331306015,106.95196533203125,14.15
Serviços Imobiliários,2016q1,134.39616776892572,1322.10417885,0.002341004453597794,109.09098815917969,14.15
Serviços Imobiliários,2016q2,142.4727469079522,738.76641722,0.0014198949350428273,109.75340270996094,14.15
Serviços Imobiliários,2016q3,137.46846437112433,1851.82392015,0.0035075298555458465,110.8108901977539,14.15
Serviços Imobiliários,2016q4,129.31292224828726,1461.34192019,0.002540678761863639,111.60974884033203,13.866666666666667
Serviços Imobiliários,2017q1,124.9089045360866,967.45409626,0.0016381032064143484,111.98241424560547,12.713333333333333
Serviços Imobiliários,2017q2,137.78939202321183,1544.39804849,0.002841949769171471,112.41259002685547,10.963333333333333
Serviços Imobiliários,2017q3,135.6080952737896,807.59435604,0.0014362387941722235,113.01736450195312,9.17
Serviços Imobiliários,2017q4,142.66800794287423,1707.50507904,0.003098310028254956,112.57491302490234,7.47
Serviços Imobiliários,2018q1,139.69797717150988,862.98788074,0.001582612054973136,113.65958404541016,6.733333333333333
Serviços Imobiliários,2018q2,136.65097588438587,1585.2308153100005,0.0027877171064386,114.9787368774414,6.400000000000001
Serviços Imobiliários,2018q3,133.69528669321437,2438.2412949,0.004057471116413017,115.1507797241211,6.400000000000001
Serviços Imobiliários,2018q4,137.9588635089006,2255.12151846,0.0038661358403145325,115.61083984375,6.400000000000001
Serviços Imobiliários,2019q1,138.28332499917352,1406.73717385,0.0024054617618510256,116.07392120361328,6.400000000000001
Serviços Imobiliários,2019q2,143.37802169549033,722.53829745,0.0012616800306611514,116.75357818603516,6.400000000000001
Serviços Imobiliários,2019q3,138.30819123123985,486.815247,0.0008298896837346633,116.94534301757812,6.003333333333334
Serviços Imobiliários,2019q4,142.6404342639497,2675.8555757199997,0.004717385826892678,117.18951416015625,4.956666666666667
Serviços Imobiliários,2020q1,148.08496042197402,3202.09685661,0.005786032271858258,117.7695541381836,4.180000000000001
Serviços Imobiliários,2020q2,159.0317124338443,4310.88416578,0.008369737387424882,123.0787124633789,3.08
Serviços Imobiliários,2020q3,144.0613903896946,7129.75667516,0.012145984792811936,124.04821014404297,1.9966666666666668
Serviços Imobiliários,2020q4,156.61754245980103,4633.692696939999,0.008810169651210249,124.14573669433594,1.8999999999999997
Serviços Imobiliários,2021q1,138.01465913380142,372.04575676,0.0006219477845406951,124.17011260986328,2.01
Serviços Imobiliários,2021q2,148.32025670166064,6588.92989493,0.011658016274235667,123.7278060913086,3.233333333333333
Serviços Imobiliários,2021q3,140.46734639853693,7798.9766057,0.012955346927118428,120.86347198486328,4.863333333333333
Serviços Imobiliários,2021q4,146.3004319573103,10613.29062878,0.017925164956919044,120.00018310546875,7.57
Serviços Imobiliários,2022q1,140.7246416923033,2389.36153306,0.0039750651438081866,119.99581909179688,10.263333333333334
Serviços Imobiliários,2022q2,129.79960938625015,1648.88140803,0.0025215490761749796,120.35163879394531,12.35
Serviços Imobiliários,2022q3,129.5668030421865,5492.81262551,0.008297367011649423,120.68605041503906,13.46
Serviços Imobiliários,2022q4,133.1740149825458,5360.452689240001,0.008189041951559032,120.80690002441406,13.65
Serviços Imobiliários,2023q1,131.05216017396228,7599.28770647,0.011519918197404558,121.36286926269531,13.65
Serviços Imobiliários,2023q2,132.63079572268916,5627.589040950001,0.008412593548706413,122.77163696289062,13.65
Serviços Imobiliários,2023q3,134.94213354398735,5678.0566137900005,0.008389844568909597,123.06672668457031,13.270000000000001
Serviços Imobiliários,2023q4,125.66374005299424,5859.8959323,0.008092548798796001,123.19367980957031,12.229999999999999
Serviços Imobiliários,2024q1,125.4738107776613,3510.3644865,0.004873162870405376,123.5212173461914,11.266666666666666
Serviços Imobiliários,2024q2,125.27461479633968,3743.9475162899994,0.005103397587792315,124.31383514404297,10.503333333333334
Serviços Imobiliários,2024q3,131.07973204022443,4267.13106513,0.005943708140445279,124.24364471435547,10.433333333333334
Serviços Imobiliários,2024q4,127.48320689366145,6284.4718624199995,0.008493887023994867,125.28343200683594,11.153333333333334
Serviços Imobiliários,2025q1,121.48920125554164,6327.45980599,0.008597935780656344,125.89030456542969,12.986666666666666
Serviços Imobiliários,2025q2,122.78030395832128,5570.58355405,0.007520032162913333,126.30794525146484,14.479999999999999
Serviços Imobiliários,2025q3,117.5559158348158,8048.052270279999,0.010277110845104371,126.67884063720703,14.9
Transporte,2012q2,8.318035811221966,12244.58850342,0.0029617730100361403,100,8.87
Transporte,2012q3,8.9328736573766,15699.5716122,0.0037626133859352505,100.18153381347656,7.77
Transporte,2012q4,8.413826642197272,19838.168948190003,0.004574195649631899,100.7004165649414,7.176666666666667
Transporte,2013q1,7.920767208307253,20625.44326125,0.004806831102650916,101.4244155883789,7.126666666666668
Transporte,2013q2,8.506449215751456,12661.54853519,0.002907378551090917,102.35550689697266,7.526666666666666
Transporte,2013q3,8.931665295418062,12243.3507952,0.00286213447830057,102.14210510253906,8.526666666666666
Transporte,2013q4,8.88039669197459,14138.031068530005,0.0033140057056343917,102.35945129394531,9.533333333333333
Transporte,2014q1,8.61706218186567,12875.6243176,0.0030573335296184587,103.20686340332031,10.416666666666666
Transporte,2014q2,8.647381288364924,11044.964786359998,0.0025774881828158993,104.41029357910156,10.89
Transporte,2014q3,9.458415075209835,17934.857352570005,0.004286275531027693,104.5859375,10.9
Transporte,2014q4,9.048438524411138,12921.57320075,0.002994915650562601,105.12271881103516,11.216666666666667
Transporte,2015q1,8.260098261772711,10889.79394097,0.0025094135033227895,106.01679229736328,12.183333333333332
Transporte,2015q2,8.368347537362474,15202.335383760004,0.0035170558632054453,107.37136840820312,13.136666666666665
Transporte,2015q3,8.86015721011828,16077.7917695,0.0037248377540044938,107.95160675048828,13.996666666666668
Transporte,2015q4,8.242262476321207,14405.31787054,0.003164207202149186,106.95196533203125,14.15
Transporte,2016q1,7.685418077744671,11376.140718379997,0.0025164998939094397,109.09098815917969,14.15
Transporte,2016q2,7.837977469965152,11502.92568462,0.002542663139539243,109.75340270996094,14.15
Transporte,2016q3,8.061513084111011,14645.67549102,0.0032367503464835953,110.8108901977539,14.15
Transporte,2016q4,7.616464052326727,11207.2966244,0.0024155427868625323,111.60974884033203,13.866666666666667
Transporte,2017q1,7.576726706173601,13614.478697,0.0030057842659087152,111.98241424560547,12.713333333333333
Transporte,2017q2,7.66345231205518,14210.93645039,0.0030573683905333157,112.41259002685547,10.963333333333333
Transporte,2017q3,8.078574747848693,14376.702099809998,0.0030936326185886185,113.01736450195312,9.17
Transporte,2017q4,8.054602030450665,15909.70339637,0.003460418649931341,112.57491302490234,7.47
Transporte,2018q1,7.572155134132371,15918.97319462,0.003416547205748573,113.65958404541016,6.733333333333333
Transporte,2018q2,7.57545479747281,10585.956938139998,0.0022494869712708105,114.9787368774414,6.400000000000001
Transporte,2018q3,8.221972659919711,7592.892328410001,0.0016316676863034583,115.1507797241211,6.400000000000001
Transporte,2018q4,7.729694442583289,17977.66209467,0.003721488276404741,115.61083984375,6.400000000000001
Transporte,2019q1,7.339843410145462,18407.18363336,0.003786787629357802,116.07392120361328,6.400000000000001
Transporte,2019q2,7.290930843652302,18616.63079188,0.003766438185669534,116.75357818603516,6.400000000000001
Transporte,2019q3,7.656018632323995,19117.353823450005,0.003856778368025588,116.94534301757812,6.003333333333334
Transporte,2019q4,7.343335742157271,22754.79629324,0.0045626050136099204,117.18951416015625,4.956666666666667
Transporte,2020q1,6.868686277549541,19468.14074263,0.003924638391201784,117.7695541381836,4.180000000000001
Transporte,2020q2,6.2016590001219445,16675.944442860004,0.0037437418307935655,123.0787124633789,3.08
Transporte,2020q3,7.529530474321019,16660.285655390002,0.0039095314166753305,124.04821014404297,1.9966666666666668
Transporte,2020q4,7.661222326585646,23164.620601289997,0.005248880082759619,124.14573669433594,1.8999999999999997
Transporte,2021q1,7.292865420053443,9427.196076519998,0.0020901711638087305,124.17011260986328,2.01
Transporte,2021q2,7.24315999594775,9355.212949019999,0.0020077819883115742,123.7278060913086,3.233333333333333
Transporte,2021q3,7.264625417156353,16929.64469237,0.0035241071074288447,120.86347198486328,4.863333333333333
Transporte,2021q4,7.203547629807361,14496.46021126,0.0029832647417589535,120.00018310546875,7.57
Transporte,2022q1,7.119055846922645,12836.91289267,0.0025767018519043086,119.99581909179688,10.263333333333334
Transporte,2022q2,7.139442935117776,23036.738190940003,0.004498347913170408,120.35163879394531,12.35
Transporte,2022q3,7.285938844752196,28616.13316931,0.005461562994466988,120.68605041503906,13.46
Transporte,2022q4,7.109169704070152,40672.0464964,0.007615940449551601,120.80690002441406,13.65
Transporte,2023q1,6.944586699074939,45535.48541165,0.008471190372896535,121.36286926269531,13.65
Transporte,2023q2,7.231692115789653,33380.7579318,0.006251249717421763,122.77163696289062,13.65
Transporte,2023q3,7.222097776947261,36316.45620114,0.006647793465947388,123.06672668457031,13.270000000000001
Transporte,2023q4,6.670098921966591,33293.65788362999,0.0058387370226818764,123.19367980957031,12.229999999999999
Transporte,2024q1,6.5334740076224005,28337.40849301,0.004973846340461253,123.5212173461914,11.266666666666666
Transporte,2024q2,6.736764480539492,32109.56027556,0.005590868520047802,124.31383514404297,10.503333333333334
Transporte,2024q3,6.981416866600834,18172.000703799997,0.0031803696695662004,124.24364471435547,10.433333333333334
Transporte,2024q4,6.586140581112395,25361.33352169,0.00422782945283277,125.28343200683594,11.153333333333334
Transporte,2025q1,6.342872666716435,28360.44895651,0.004874004513809651,125.89030456542969,12.986666666666666
Transporte,2025q2,6.453045767077026,21840.939185210005,0.003674302170316929,126.30794525146484,14.479999999999999
Transporte,2025q3,6.872321288424383,30428.80275021,0.005109480715738377,126.67884063720703,14.9
