Trimestre,Setor,Produtividade_Hora_Habitual,Investimento_Tech_USD,VAB_Industria_Volume,Share_it,Bartik_Tech_it,Stringency_Index
2012q1,APU,16.12179883622825,2521234716,0.3,0.1575036196462163,397103593.74770015,0.0
2012q2,APU,16.068570506384116,2675921818,-2.1,0.1605105887289859,429513786.39991826,0.0
2012q3,APU,15.745393908678066,2696978633,1.5,0.16152113166050663,435619040.8663662,0.0
2012q4,APU,15.948179151898705,2382736204,-0.9,0.157370644723653,374972732.6298696,0.0
2013q1,APU,16.390028178619495,2522363070,0.3,0.15539657474618074,391966581.34426093,0.0
2013q2,APU,16.443183613092877,3176400693,2.9,0.15838327129990482,503088732.7166247,0.0
2013q3,APU,16.472889837897135,2943923956,0.5,0.15900376158445267,468094982.8225827,0.0
2013q4,APU,16.506454934215498,2998328309,-0.8,0.15761451319184666,472580056.8123678,0.0
2014q1,APU,16.270796239513984,2901354986,0.1,0.15860742997427812,460176457.7725177,0.0
2014q2,APU,16.294324507721708,2947831109,-2.5,0.16092122263802988,474368586.1906995,0.0
2014q3,APU,16.232266820609055,2886697965,-0.5,0.16091323805795324,464507916.8434542,0.0
2014q4,APU,16.318249893507367,2992885811,0.8,0.16201658866150964,484897149.35165566,0.0
2015q1,APU,16.380122499883587,2787749436,-2.1,0.15930878257562886,444112968.775056,0.0
2015q2,APU,16.233316142507288,2114583712,-2.8,0.16218398952763852,342951622.602323,0.0
2015q3,APU,16.182068413428848,1823807966,-2.0,0.16429957470792259,299650873.16272134,0.0
2015q4,APU,15.893070392244717,1654338141,-1.7,0.166554871416338,275538076.3533987,0.0
2016q1,APU,16.1631767407501,1630658015,-0.2,0.16580263579208793,270367396.9624941,0.0
2016q2,APU,16.115466149217426,1819934791,-0.6,0.17008077811944777,309535925.37993455,0.0
2016q3,APU,15.880975657483871,1832561168,-1.0,0.17232167998400638,315790019.143213,0.0
2016q4,APU,15.89181182743777,2126829656,-1.7,0.16880164791375218,359012350.76463866,0.0
2017q1,APU,16.288663997049156,2182272475,0.9,0.1659427906325364,362132384.422072,0.0
2017q2,APU,16.21063759634622,2291272951,0.3,0.1690524543565828,387345315.9674003,0.0
2017q3,APU,16.023833157007022,2452100304,0.3,0.16971370203524042,416155020.35357845,0.0
2017q4,APU,15.905747489738555,2647083792,1.1,0.16803490699939172,444802478.8083172,0.0
2018q1,APU,16.06916797185889,2489705612,0.5,0.16803646363035105,418361326.5211189,0.0
2018q2,APU,15.886980067005531,2640118823,-1.6,0.17289425320334526,456461372.27067983,0.0
2018q3,APU,15.654513566110031,2587367295,1.1,0.17244131822304345,446169027.0769901,0.0
2018q4,APU,15.57487955538826,2491772963,-0.5,0.17212594973276424,428898787.774799,0.0
2019q1,APU,15.793228956622157,2532575122,-0.9,0.17003210710688052,430619084.400125,0.0
2019q2,APU,15.67648634388673,2565062774,0.6,0.17232184890162466,442016359.7644102,0.0
2019q3,APU,15.488549407574933,2376642871,0.2,0.17206409289222904,408934899.7273979,0.0
2019q4,APU,15.40667609575425,2503083604,0.1,0.17076791757095328,427446374.56107664,0.0
2020q1,APU,15.336637045542917,2357524519,-1.9,0.174835280650425,412178460.9196232,16.942967032967033
2020q2,APU,13.5254111071483,2014228419,-11.8,0.19485861253471443,392489755.0543314,77.64978021978023
2020q3,APU,14.464795395183195,2690365501,15.4,0.18876897935748138,507857549.72234905,73.7641304347826
2020q4,APU,14.373715667735809,2803870802,2.5,0.1854163899666212,519883602.0396549,61.44369565217391
2021q1,APU,14.583591827354288,2671732039,1.7,0.18446604510459746,492843842.81357217,69.496
2021q2,APU,14.83612989154756,2580148771,-1.6,0.18126144769658126,467681501.5040149,62.87582417582417
2021q3,APU,15.44847218928336,2795427895,-1.1,0.17241192969602281,481965117.703041,55.25532608695652
2021q4,APU,15.350826313415594,2907096620,-2.7,0.17114750013143307,497542319.15353864,51.5175
2022q1,APU,15.401624867091936,2938566873,3.3,0.17167031957033507,504464714.16671026,37.565666666666665
2022q2,APU,14.67643760818152,3216294182,1.5,0.1739560319270414,559493773.4107496,29.496923076923075
2022q3,APU,14.576988061489452,3079200592,0.5,0.17537376286827416,540010994.4452574,24.421739130434784
2022q4,APU,14.427858993902186,2866615674,-0.6,0.17697717806962604,507325552.59467906,22.22
2023q1,APU,14.897136745887666,2711131832,0.2,0.17552854726664244,475881031.9193109,0.0
2023q2,APU,14.705913657919854,2544826275,0.9,0.18084485168088207,460218730.25598663,0.0
2023q3,APU,14.81827057379716,2556798065,0.7,0.18123432546277218,463379572.6547961,0.0
2023q4,APU,14.621179124300268,2532091527,1.5,0.1786521615112509,452363624.44287395,0.0
2024q1,APU,14.816455847926072,2844413599,0.6,0.17685235368500288,503041239.83677995,0.0
2024q2,APU,14.347811684091129,2904596545,0.5,0.18238821159322563,529764169.2424121,0.0
2024q3,APU,14.45893275100074,3303829108,0.7,0.18185618370363119,600821753.189852,0.0
2024q4,APU,14.199738058714434,2902963725,0.4,0.18042141579186768,523756825.25693405,0.0
2025q1,APU,14.367914521626435,2941039990,0.1,0.17971078030640827,528536591.51525116,0.0
2025q2,APU,14.045850780378998,2751417297,0.6,0.18443223704272071,507450047.1237459,0.0
2025q3,APU,14.227183939695822,3149891124,0.6,0.186271881686345,586736146.7745963,0.0
2025q4,APU,13.845407110633426,3374316549,-0.7,,,0.0
2012q1,Comércio,6.014877528628354,2521234716,0.3,0.030460071998707962,76796990.97500202,0.0
2012q2,Comércio,6.329422949909522,2675921818,-2.1,0.030955848525790856,82835430.46486689,0.0
2012q3,Comércio,6.686881257352775,2696978633,1.5,0.0299456287186876,80762720.80605163,0.0
2012q4,Comércio,6.54028292297754,2382736204,-0.9,0.03024208056668557,72058900.25052655,0.0
2013q1,Comércio,6.1629479525616775,2522363070,0.3,0.03090572169068273,77955451.04427609,0.0
2013q2,Comércio,6.488703199594344,3176400693,2.9,0.030197214520738303,95918453.13034281,0.0
2013q3,Comércio,6.622218107906998,2943923956,0.5,0.0298940647375275,88005853.32302205,0.0
2013q4,Comércio,6.567010146829572,2998328309,-0.8,0.030577791635197644,91682258.2865165,0.0
2014q1,Comércio,6.239992970671116,2901354986,0.1,0.030162124461686063,87511030.19526543,0.0
2014q2,Comércio,6.310250754495741,2947831109,-2.5,0.03073191867167591,90592505.8996242,0.0
2014q3,Comércio,6.656273988010388,2886697965,-0.5,0.030580850529856464,88277678.99250583,0.0
2014q4,Comércio,6.656447338602396,2992885811,0.8,0.030297837578287096,90677968.19203806,0.0
2015q1,Comércio,6.082267326470012,2787749436,-2.1,0.03068606980157841,85545073.78240685,0.0
2015q2,Comércio,5.933257129386273,2114583712,-2.8,0.031226388526407526,66030812.562525034,0.0
2015q3,Comércio,6.040147165305234,1823807966,-2.0,0.030415386844308976,55471824.815622315,0.0
2015q4,Comércio,6.022225470823996,1654338141,-1.7,0.030961688558362864,51221102.29186299,0.0
2016q1,Comércio,5.574411383936897,1630658015,-0.2,0.03178960905032681,51837980.79163195,0.0
2016q2,Comércio,5.694926960907686,1819934791,-0.6,0.03149166408334195,57312775.09175913,0.0
2016q3,Comércio,6.027748225788203,1832561168,-1.0,0.031154127200140734,57091843.72991047,0.0
2016q4,Comércio,5.8663352943352205,2126829656,-1.7,0.031264965538079934,66495255.9002064,0.0
2017q1,Comércio,5.582418400857186,2182272475,0.9,0.03129104132413094,68285578.19573851,0.0
2017q2,Comércio,5.811016120815391,2291272951,0.3,0.030297470442178367,69419774.5078853,0.0
2017q3,Comércio,6.219077343946774,2452100304,0.3,0.030799472780792016,75523396.56881982,0.0
2017q4,Comércio,6.093050124283714,2647083792,1.1,0.031115425235512525,82365137.82211299,0.0
2018q1,Comércio,5.820831685439718,2489705612,0.5,0.03180993696066191,79197378.56832618,0.0
2018q2,Comércio,5.932615973339941,2640118823,-1.6,0.03016639211736987,79642859.65106702,0.0
2018q3,Comércio,6.249800883692882,2587367295,1.1,0.030046790606552402,77742083.3351069,0.0
2018q4,Comércio,6.104867195381118,2491772963,-0.5,0.030570322550079937,76174303.2004784,0.0
2019q1,Comércio,5.7776497604191235,2532575122,-0.9,0.030216790447700086,76526291.75453249,0.0
2019q2,Comércio,5.942878844021746,2565062774,0.6,0.03003023613094413,77029440.79391457,0.0
2019q3,Comércio,6.334405611428471,2376642871,0.2,0.030415755407959783,72287388.25640732,0.0
2019q4,Comércio,6.189200037745078,2503083604,0.1,0.03044443896206362,76204975.99892023,0.0
2020q1,Comércio,5.979222353980856,2357524519,-1.9,0.03100219608350925,73088437.40971883,16.942967032967033
2020q2,Comércio,5.947771864316669,2014228419,-11.8,0.030544742845519446,61524089.0904922,77.64978021978023
2020q3,Comércio,7.296456331094155,2690365501,15.4,0.03128199385930072,84159997.08155651,73.7641304347826
2020q4,Comércio,7.12445213754089,2803870802,2.5,0.03132989084237088,87844966.1627709,61.44369565217391
2021q1,Comércio,6.68877847521496,2671732039,1.7,0.03084106587362911,82399063.81148443,69.496
2021q2,Comércio,6.620746643857222,2580148771,-1.6,0.031041892940317534,80092701.91947386,62.87582417582417
2021q3,Comércio,6.548496249153142,2795427895,-1.1,0.03092056869008338,86436220.2455227,55.25532608695652
2021q4,Comércio,6.282108054969037,2907096620,-2.7,0.030521495033697072,88728935.04980755,51.5175
2022q1,Comércio,5.802089877667544,2938566873,3.3,0.031713621815850114,93192598.49090725,37.565666666666665
2022q2,Comércio,5.867670206024053,3216294182,1.5,0.03146497639775527,101200620.5248676,29.496923076923075
2022q3,Comércio,6.1671829547579256,3079200592,0.5,0.03141862986313926,96744263.67440729,24.421739130434784
2022q4,Comércio,6.065555906963612,2866615674,-0.6,0.030712051068431275,88039646.97345354,22.22
2023q1,Comércio,5.744602016716882,2711131832,0.2,0.030810250941111922,83530652.07835649,0.0
2023q2,Comércio,5.983523984125614,2544826275,0.9,0.03122340500264992,79458141.44570996,0.0
2023q3,Comércio,6.322320455039056,2556798065,0.7,0.031147320636939403,79637409.13446124,0.0
2023q4,Comércio,6.072798374939785,2532091527,1.5,0.03138836647591192,79478216.80002743,0.0
2024q1,Comércio,5.849036596647578,2844413599,0.6,0.031043229491213686,88299784.12168606,0.0
2024q2,Comércio,6.049778604681248,2904596545,0.5,0.03166657239790305,91978616.77894156,0.0
2024q3,Comércio,6.3747385713978675,3303829108,0.7,0.03209829386527263,106047277.58922555,0.0
2024q4,Comércio,6.178362191131488,2902963725,0.4,0.03165875288965176,91904211.21739799,0.0
2025q1,Comércio,5.82068373181038,2941039990,0.1,0.03166337050826678,93123238.88299923,0.0
2025q2,Comércio,5.926894091437871,2751417297,0.6,0.03221920621212193,88648481.26764214,0.0
2025q3,Comércio,6.426736229583584,3149891124,0.6,0.03266396079157807,102887920.17207578,0.0
2025q4,Comércio,6.148060024021327,3374316549,-0.7,,,0.0
2012q1,Intermediação Financeira,45.32831294069695,2521234716,0.3,0.01377688996396917,34734773.25567106,0.0
2012q2,Intermediação Financeira,43.47970060029653,2675921818,-2.1,0.014079852021663586,37676583.218981,0.0
2012q3,Intermediação Financeira,44.66390708610377,2696978633,1.5,0.013843527258122632,37335697.22050981,0.0
2012q4,Intermediação Financeira,43.40446080093396,2382736204,-0.9,0.014634422059983698,34869967.26693942,0.0
2013q1,Intermediação Financeira,42.9276200228463,2522363070,0.3,0.014328392049637312,36141406.958486766,0.0
2013q2,Intermediação Financeira,42.77344248027904,3176400693,2.9,0.014605186980535112,46391926.04636631,0.0
2013q3,Intermediação Financeira,44.45571845226495,2943923956,0.5,0.014017807650530657,41267359.75299728,0.0
2013q4,Intermediação Financeira,44.135461570013184,2998328309,-0.8,0.014126764113834357,42356676.75707485,0.0
2014q1,Intermediação Financeira,42.82200050424401,2901354986,0.1,0.014476288220621993,42000851.00767469,0.0
2014q2,Intermediação Financeira,43.24858709431869,2947831109,-2.5,0.014122557166828283,41630913.35500731,0.0
2014q3,Intermediação Financeira,42.18604604604595,2886697965,-0.5,0.014628980591519545,42229448.50356396,0.0
2014q4,Intermediação Financeira,43.26565044240226,2992885811,0.8,0.01447907119970143,43334206.75004516,0.0
2015q1,Intermediação Financeira,43.575776165609945,2787749436,-2.1,0.01416458656548503,39487318.20910407,0.0
2015q2,Intermediação Financeira,43.75451300436463,2114583712,-2.8,0.013914166161820016,29422669.131846163,0.0
2015q3,Intermediação Financeira,46.338008015798486,1823807966,-2.0,0.013108033023301798,23906535.04648888,0.0
2015q4,Intermediação Financeira,47.76336439454321,1654338141,-1.7,0.01309709628681012,21667025.923619457,0.0
2016q1,Intermediação Financeira,43.03792630530189,1630658015,-0.2,0.01402187481729871,22864882.556154802,0.0
2016q2,Intermediação Financeira,44.76965117741305,1819934791,-0.6,0.01327246677249955,24155024.041663416,0.0
2016q3,Intermediação Financeira,43.21083929759968,1832561168,-1.0,0.013571564327709418,24870721.775974307,0.0
2016q4,Intermediação Financeira,42.57000523768977,2126829656,-1.7,0.014029948590178186,29839310.733746357,0.0
2017q1,Intermediação Financeira,40.45813359943225,2182272475,0.9,0.014375314757908394,31370853.715644777,0.0
2017q2,Intermediação Financeira,43.73229410990746,2291272951,0.3,0.013274799681707776,30416189.440640435,0.0
2017q3,Intermediação Financeira,41.64991586634351,2452100304,0.3,0.013748221335296384,33712017.71573955,0.0
2017q4,Intermediação Financeira,42.67392726787711,2647083792,1.1,0.013929224230342681,36871823.69527379,0.0
2018q1,Intermediação Financeira,41.72488174677449,2489705612,0.5,0.013916371758717936,34647668.866358355,0.0
2018q2,Intermediação Financeira,42.646573000321574,2640118823,-1.6,0.013732772534584886,36256151.26053497,0.0
2018q3,Intermediação Financeira,41.801993896689766,2587367295,1.1,0.01373013630198912,35524905.623658895,0.0
2018q4,Intermediação Financeira,43.22311972389763,2491772963,-0.5,0.013588858378404413,33860349.905344136,0.0
2019q1,Intermediação Financeira,40.50922880740979,2532575122,-0.9,0.01413659861132793,35801997.952748865,0.0
2019q2,Intermediação Financeira,40.027234723660776,2565062774,0.6,0.014055976583155496,36054462.285667874,0.0
2019q3,Intermediação Financeira,41.4986672203437,2376642871,0.2,0.013799143021748896,32795634.88854891,0.0
2019q4,Intermediação Financeira,43.938554996120125,2503083604,0.1,0.013467442782870136,33710135.217610374,0.0
2020q1,Intermediação Financeira,40.8892716208699,2357524519,-1.9,0.014041828209370107,33103954.295175895,16.942967032967033
2020q2,Intermediação Financeira,46.06563681941588,2014228419,-11.8,0.014868091421962566,29947732.27840712,77.64978021978023
2020q3,Intermediação Financeira,47.12139171232999,2690365501,15.4,0.014512532358351638,39044016.389055416,73.7641304347826
2020q4,Intermediação Financeira,41.86635367670437,2803870802,2.5,0.01588590789246404,44542033.302941285,61.44369565217391
2021q1,Intermediação Financeira,38.90220675923479,2671732039,1.7,0.016011763692119402,42779142.05713234,69.496
2021q2,Intermediação Financeira,39.35349875910707,2580148771,-1.6,0.015331099709943046,39556518.07468801,62.87582417582417
2021q3,Intermediação Financeira,40.55973201735893,2795427895,-1.1,0.01462834118995297,40892473.01997203,55.25532608695652
2021q4,Intermediação Financeira,40.41193261697225,2907096620,-2.7,0.014993747796847527,43588273.54134789,51.5175
2022q1,Intermediação Financeira,37.45054965745948,2938566873,3.3,0.015148055959334978,44513575.432452,37.565666666666665
2022q2,Intermediação Financeira,35.61724529183096,3216294182,1.5,0.015229551690032718,48982718.495120496,29.496923076923075
2022q3,Intermediação Financeira,36.434806918181366,3079200592,0.5,0.015481880516396072,47671815.65136005,24.421739130434784
2022q4,Intermediação Financeira,36.278450015676384,2866615674,-0.6,0.01621144209409972,46471974.00508964,22.22
2023q1,Intermediação Financeira,35.91748814669867,2711131832,0.2,0.01628631543353801,44154348.19785778,0.0
2023q2,Intermediação Financeira,37.03029944390921,2544826275,0.9,0.015699152470978514,39951615.7033773,0.0
2023q3,Intermediação Financeira,37.13186459841968,2556798065,0.7,0.016348668128425996,41800243.03608676,0.0
2023q4,Intermediação Financeira,39.64436697266555,2532091527,1.5,0.015769501458741956,39929821.028694645,0.0
2024q1,Intermediação Financeira,38.41798205950623,2844413599,0.6,0.01588436234217985,45181696.25753985,0.0
2024q2,Intermediação Financeira,39.841832925325505,2904596545,0.5,0.015300371314706436,44441405.657913424,0.0
2024q3,Intermediação Financeira,39.82397165647628,3303829108,0.7,0.015629400860243524,51636869.50267279,0.0
2024q4,Intermediação Financeira,41.7032111021718,2902963725,0.4,0.015093856144243694,43816916.85710781,0.0
2025q1,Intermediação Financeira,37.59789429183682,2941039990,0.1,0.015956687600201757,46929256.3401305,0.0
2025q2,Intermediação Financeira,36.94963808525544,2751417297,0.6,0.01620647169958863,44590766.55758914,0.0
2025q3,Intermediação Financeira,38.53255936522224,3149891124,0.6,0.015714984592397632,49500490.48139006,0.0
2025q4,Intermediação Financeira,40.13323610850129,3374316549,-0.7,,,0.0
2012q1,Outros Serviços,5.554439482097426,2521234716,0.3,0.11070061856734227,279102242.6146575,0.0
2012q2,Outros Serviços,5.790111308153887,2675921818,-2.1,0.10927590524198698,292413779.0187335,0.0
2012q3,Outros Serviços,5.863402997417075,2696978633,1.5,0.11066207301997291,298453246.4183527,0.0
2012q4,Outros Serviços,6.174225840061996,2382736204,-0.9,0.10942621641804164,260733807.526007,0.0
2013q1,Outros Serviços,5.655375119417294,2522363070,0.3,0.11111724074252866,280278024.48925364,0.0
2013q2,Outros Serviços,5.817465972022738,3176400693,2.9,0.10862009496792786,345020944.9298519,0.0
2013q3,Outros Serviços,5.906944545097087,2943923956,0.5,0.10867478747162587,319930310.2509281,0.0
2013q4,Outros Serviços,6.082950431391185,2998328309,-0.8,0.10837214529798304,324935271.1540038,0.0
2014q1,Outros Serviços,5.684224760600106,2901354986,0.1,0.10893592892703684,316061800.54699993,0.0
2014q2,Outros Serviços,5.734706154089994,2947831109,-2.5,0.10905193101454344,321466674.74119306,0.0
2014q3,Outros Serviços,5.7266716373597335,2886697965,-0.5,0.10998571818712843,317495548.8698471,0.0
2014q4,Outros Serviços,5.80982971356353,2992885811,0.8,0.10834384453578036,324260755.0203269,0.0
2015q1,Outros Serviços,5.48118689628172,2787749436,-2.1,0.10913619147709741,304244356.23746634,0.0
2015q2,Outros Serviços,5.478560903299965,2114583712,-2.8,0.10889551601473775,230268684.4745996,0.0
2015q3,Outros Serviços,5.4434624488651915,1823807966,-2.0,0.10989554066272339,200428362.48855183,0.0
2015q4,Outros Serviços,5.610217712155797,1654338141,-1.7,0.1128593905667502,186707594.38459048,0.0
2016q1,Outros Serviços,5.359792842071396,1630658015,-0.2,0.11384622820570794,185644264.50115672,0.0
2016q2,Outros Serviços,5.434250377371557,1819934791,-0.6,0.11396272698534339,207404731.717861,0.0
2016q3,Outros Serviços,5.477971510292515,1832561168,-1.0,0.11575030872642693,212119520.9560615,0.0
2016q4,Outros Serviços,5.545378580324175,2126829656,-1.7,0.11479181127686838,244142628.4895989,0.0
2017q1,Outros Serviços,5.244319769614192,2182272475,0.9,0.11470591377832988,250319558.35817254,0.0
2017q2,Outros Serviços,5.361835714968258,2291272951,0.3,0.11623367717340441,266323080.50268766,0.0
2017q3,Outros Serviços,5.372202827831957,2452100304,0.3,0.11615687645943602,284828312.0778735,0.0
2017q4,Outros Serviços,5.372020411992316,2647083792,1.1,0.11893833417517245,314839736.64257866,0.0
2018q1,Outros Serviços,5.189246424503944,2489705612,0.5,0.11881553576354377,295815706.1832816,0.0
2018q2,Outros Serviços,5.405154002580956,2640118823,-1.6,0.11857238197029436,313045177.52772,0.0
2018q3,Outros Serviços,5.419029162420177,2587367295,1.1,0.11929649120322744,308663839.7474859,0.0
2018q4,Outros Serviços,5.4161145314608925,2491772963,-0.5,0.11878660058317674,295989239.69983983,0.0
2019q1,Outros Serviços,5.216141210573148,2532575122,-0.9,0.11768854937122551,298055092.2818345,0.0
2019q2,Outros Serviços,5.287161987882654,2565062774,0.6,0.11903980258652709,305344566.23900956,0.0
2019q3,Outros Serviços,5.31026406156241,2376642871,0.2,0.11913332844755477,283137375.75338256,0.0
2019q4,Outros Serviços,5.406725748727042,2503083604,0.1,0.12018712739199931,300838427.9867728,0.0
2020q1,Outros Serviços,5.114104460764542,2357524519,-1.9,0.11684907567341142,275474560.92255384,16.942967032967033
2020q2,Outros Serviços,5.083290599395005,2014228419,-11.8,0.10413339780635145,209748449.22858533,77.64978021978023
2020q3,Outros Serviços,5.866627000186742,2690365501,15.4,0.10218881931037914,274925274.06056666,73.7641304347826
2020q4,Outros Serviços,6.055321444513025,2803870802,2.5,0.10359439094433026,290465288.0197808,61.44369565217391
2021q1,Outros Serviços,5.736122913016091,2671732039,1.7,0.10239861588097311,273581662.79845005,69.496
2021q2,Outros Serviços,5.731276057072719,2580148771,-1.6,0.1040761198886843,268531872.82123744,62.87582417582417
2021q3,Outros Serviços,5.844056020182682,2795427895,-1.1,0.10562901378376728,295278291.65248257,55.25532608695652
2021q4,Outros Serviços,5.709401614569009,2907096620,-2.7,0.1116371503553129,324539982.4643619,51.5175
2022q1,Outros Serviços,5.522712600895078,2938566873,3.3,0.1116441657680963,328073847.0898484,37.565666666666665
2022q2,Outros Serviços,5.69815784455357,3216294182,1.5,0.11225393765691027,361041686.59251124,29.496923076923075
2022q3,Outros Serviços,5.866204469082493,3079200592,0.5,0.11495392286314976,353966187.33293307,24.421739130434784
2022q4,Outros Serviços,5.94864811063643,2866615674,-0.6,0.11374041529079944,326050057.23987496,22.22
2023q1,Outros Serviços,5.619821361727899,2711131832,0.2,0.1117663744999412,303013375.65402365,0.0
2023q2,Outros Serviços,5.714329762375752,2544826275,0.9,0.11276503579787275,286967425.99974215,0.0
2023q3,Outros Serviços,5.8251884843417905,2556798065,0.7,0.11123995221558466,284418094.57549936,0.0
2023q4,Outros Serviços,5.924616528700491,2532091527,1.5,0.11505713773601937,291335203.5822466,0.0
2024q1,Outros Serviços,5.680515623984122,2844413599,0.6,0.11350465137017805,322854173.90708846,0.0
2024q2,Outros Serviços,5.771200390877442,2904596545,0.5,0.11261802408884666,327109923.6731908,0.0
2024q3,Outros Serviços,5.9498442010089825,3303829108,0.7,0.11274512887309106,372490638.55612946,0.0
2024q4,Outros Serviços,5.9613499307812186,2902963725,0.4,0.11189665160553905,324831920.5598429,0.0
2025q1,Outros Serviços,5.67155515767565,2941039990,0.1,0.1108168729400905,325916854.88355505,0.0
2025q2,Outros Serviços,5.784281896817535,2751417297,0.6,0.11046975956671296,303948407.2672852,0.0
2025q3,Outros Serviços,5.944329312102354,3149891124,0.6,0.10743041128601546,338394098.95748955,0.0
2025q4,Outros Serviços,6.022592370569354,3374316549,-0.7,,,0.0
2012q1,Serviço de Informação,18.595618151788255,2521234716,0.3,0.014874493544512653,37502089.50734319,0.0
2012q2,Serviço de Informação,18.114704007121603,2675921818,-2.1,0.015439701519827227,41315434.160313435,0.0
2012q3,Serviço de Informação,18.31873840436385,2696978633,1.5,0.015641350040443206,42184386.85034901,0.0
2012q4,Serviço de Informação,20.127159626239727,2382736204,-0.9,0.015248891969625108,36334086.966910616,0.0
2013q1,Serviço de Informação,18.425847233848465,2522363070,0.3,0.015361097155903452,38746264.1807329,0.0
2013q2,Serviço de Informação,19.24487154981433,3176400693,2.9,0.015074782908725673,47883550.87810078,0.0
2013q3,Serviço de Informação,18.805702442294,2943923956,0.5,0.015285674197071091,44999862.45236865,0.0
2013q4,Serviço de Informação,20.434999758087788,2998328309,-0.8,0.01555515601944579,46639464.644016065,0.0
2014q1,Serviço de Informação,19.047209368815505,2901354986,0.1,0.015620480573034147,45320559.19428876,0.0
2014q2,Serviço de Informação,19.6180782290496,2947831109,-2.5,0.01540028574258886,45397441.39949261,0.0
2014q3,Serviço de Informação,19.72506508174521,2886697965,-0.5,0.015303611853043677,44176905.19333106,0.0
2014q4,Serviço de Informação,21.126750356813098,2992885811,0.8,0.015074947938614917,45117597.78704429,0.0
2015q1,Serviço de Informação,20.351685379667146,2787749436,-2.1,0.014867207366419454,41446048.95063088,0.0
2015q2,Serviço de Informação,19.69595431932356,2114583712,-2.8,0.015113524982994241,31958813.7599447,0.0
2015q3,Serviço de Informação,18.755546656726196,1823807966,-2.0,0.015567599863591616,28392312.642718904,0.0
2015q4,Serviço de Informação,21.753145865147015,1654338141,-1.7,0.01427048196783962,23608202.60984982,0.0
2016q1,Serviço de Informação,20.664639490167463,1630658015,-0.2,0.014431800600361599,23533331.319861453,0.0
2016q2,Serviço de Informação,20.592276517944725,1819934791,-0.6,0.014409041769292988,26223516.420908503,0.0
2016q3,Serviço de Informação,20.46784393474229,1832561168,-1.0,0.014853961109325985,27220792.319933,0.0
2016q4,Serviço de Informação,20.559978173581577,2126829656,-1.7,0.015159594534689999,32241875.22931421,0.0
2017q1,Serviço de Informação,20.44760341614727,2182272475,0.9,0.01489446738194389,32503786.19740146,0.0
2017q2,Serviço de Informação,20.50948339730061,2291272951,0.3,0.014588483481568283,33426197.597427715,0.0
2017q3,Serviço de Informação,19.156861410534095,2452100304,0.3,0.015620589149269616,38303251.40158313,0.0
2017q4,Serviço de Informação,21.66676601663784,2647083792,1.1,0.014696662110705387,38903296.06974874,0.0
2018q1,Serviço de Informação,20.457002403466102,2489705612,0.5,0.014571066898626727,36277667.0303384,0.0
2018q2,Serviço de Informação,20.927592266174575,2640118823,-1.6,0.014548788517619043,38410530.4172123,0.0
2018q3,Serviço de Informação,19.80445667592272,2587367295,1.1,0.015200054447499896,39328123.759680524,0.0
2018q4,Serviço de Informação,21.22228573192658,2491772963,-0.5,0.014979496653944172,37325504.76164705,0.0
2019q1,Serviço de Informação,19.439232329363907,2532575122,-0.9,0.015579239160937668,39455593.51867889,0.0
2019q2,Serviço de Informação,20.138519719810947,2565062774,0.6,0.01507695738612216,38673342.1363263,0.0
2019q3,Serviço de Informação,20.17011641835823,2376642871,0.2,0.015162040840454825,36034756.27327781,0.0
2019q4,Serviço de Informação,21.22693797614415,2503083604,0.1,0.015632602850902066,39129711.88393662,0.0
2020q1,Serviço de Informação,18.539745377979884,2357524519,-1.9,0.01666761899813913,39294320.46146321,16.942967032967033
2020q2,Serviço de Informação,19.567715011723298,2014228419,-11.8,0.017641672770199526,35534358.65243434,77.64978021978023
2020q3,Serviço de Informação,19.41155260222973,2690365501,15.4,0.018187337938685478,48930586.545267865,73.7641304347826
2020q4,Serviço de Informação,21.630739896407544,2803870802,2.5,0.01761377497560142,49386749.36708709,61.44369565217391
2021q1,Serviço de Informação,19.76251727198388,2671732039,1.7,0.017998995432159506,48088492.76591521,69.496
2021q2,Serviço de Informação,19.501592600226715,2580148771,-1.6,0.01908238286343642,49235386.69284695,62.87582417582417
2021q3,Serviço de Informação,20.68140271674186,2795427895,-1.1,0.017957924990102184,50200084.453649245,55.25532608695652
2021q4,Serviço de Informação,20.435047889536513,2907096620,-2.7,0.019165276567886618,55715310.731868386,51.5175
2022q1,Serviço de Informação,18.729511940381887,2938566873,3.3,0.01860150193834065,54661757.384053126,37.565666666666665
2022q2,Serviço de Informação,17.96438962857089,3216294182,1.5,0.01964448259952376,63182435.0932485,29.496923076923075
2022q3,Serviço de Informação,20.27030326824065,3079200592,0.5,0.018105039262712782,55749047.61592844,24.421739130434784
2022q4,Serviço de Informação,21.63108200593537,2866615674,-0.6,0.018505133563396708,53047105.92229647,22.22
2023q1,Serviço de Informação,19.772707205032052,2711131832,0.2,0.018286426986275237,49576914.29603462,0.0
2023q2,Serviço de Informação,19.683966737463237,2544826275,0.9,0.018746978005364637,47707802.20489902,0.0
2023q3,Serviço de Informação,19.225779977748065,2556798065,0.7,0.019499940055301288,49857409.00101033,0.0
2023q4,Serviço de Informação,19.85349576025124,2532091527,1.5,0.020075494499630895,50832989.52285049,0.0
2024q1,Serviço de Informação,18.931647280481258,2844413599,0.6,0.01940555547351272,55197425.88500846,0.0
2024q2,Serviço de Informação,18.735432906043336,2904596545,0.5,0.019920926080940028,57862253.067898795,0.0
2024q3,Serviço de Informação,19.90195161140835,3303829108,0.7,0.01957978726386132,64688271.0907927,0.0
2024q4,Serviço de Informação,21.234049376624128,2902963725,0.4,0.0192763766151746,55958622.06329015,0.0
2025q1,Serviço de Informação,19.89614093014248,2941039990,0.1,0.019271021201518534,56676844.00180386,0.0
2025q2,Serviço de Informação,20.621796305084096,2751417297,0.6,0.01882969702577124,51808354.09397644,0.0
2025q3,Serviço de Informação,21.717915961003285,3149891124,0.6,0.018654467107557846,58759540.36504641,0.0
2025q4,Serviço de Informação,22.698643225200605,3374316549,-0.7,,,0.0
2012q1,Serviços Imobiliários,136.3360394750919,2521234716,0.3,0.005645925761374019,14234704.033534909,0.0
2012q2,Serviços Imobiliários,125.73986671543398,2675921818,-2.1,0.006037699911567603,16156412.92390042,0.0
2012q3,Serviços Imobiliários,129.96808313564856,2696978633,1.5,0.00589193375334805,15890419.439831182,0.0
2012q4,Serviços Imobiliários,125.37164824012862,2382736204,-0.9,0.006163561144500724,14686140.28456955,0.0
2013q1,Serviços Imobiliários,127.83788195003017,2522363070,0.3,0.006131041918525119,15464713.71590971,0.0
2013q2,Serviços Imobiliários,125.73892457735596,3176400693,2.9,0.0062836793830765405,19959483.546994135,0.0
2013q3,Serviços Imobiliários,121.20390038022776,2943923956,0.5,0.006412364460888132,18877513.351011597,0.0
2013q4,Serviços Imobiliários,133.0938193867339,2998328309,-0.8,0.005921331991918518,17754097.33835665,0.0
2014q1,Serviços Imobiliários,137.99522192755876,2901354986,0.1,0.005804994060405193,16842348.460856993,0.0
2014q2,Serviços Imobiliários,140.4319145888976,2947831109,-2.5,0.005683779647381755,16754822.461252987,0.0
2014q3,Serviços Imobiliários,135.45635136102888,2886697965,-0.5,0.005894215195166225,17014819.009158418,0.0
2014q4,Serviços Imobiliários,120.0801905413853,2992885811,0.8,0.00661444857330366,19796289.282629717,0.0
2015q1,Serviços Imobiliários,131.16486683178698,2787749436,-2.1,0.006122554981066197,17068149.19534628,0.0
2015q2,Serviços Imobiliários,125.72507155135548,2114583712,-2.8,0.006422505865312836,13580926.29301499,0.0
2015q3,Serviços Imobiliários,125.88449110283544,1823807966,-2.0,0.006300646839019242,11491169.895956013,0.0
2015q4,Serviços Imobiliários,132.34020772550002,1654338141,-1.7,0.006210385364111308,10274077.37815751,0.0
2016q1,Serviços Imobiliários,134.39616776892572,1630658015,-0.2,0.006226106608896797,10152650.644042032,0.0
2016q2,Serviços Imobiliários,142.4727469079522,1819934791,-0.6,0.005738158901275551,10443075.020717708,0.0
2016q3,Serviços Imobiliários,137.46846437112433,1832561168,-1.0,0.005877846707419587,10771513.627473794,0.0
2016q4,Serviços Imobiliários,129.31292224828726,2126829656,-1.7,0.0063785206598062786,13566026.90068468,0.0
2017q1,Serviços Imobiliários,124.9089045360866,2182272475,0.9,0.006647394854814705,14506426.822118752,0.0
2017q2,Serviços Imobiliários,137.78939202321183,2291272951,0.3,0.006025173015847258,13805315.956305917,0.0
2017q3,Serviços Imobiliários,135.6080952737896,2452100304,0.3,0.006160941771183993,15107247.190046567,0.0
2017q4,Serviços Imobiliários,142.66800794287423,2647083792,1.1,0.005975473249384132,15817578.387974309,0.0
2018q1,Serviços Imobiliários,139.69797717150988,2489705612,0.5,0.006000226779344282,14938798.285806144,0.0
2018q2,Serviços Imobiliários,136.65097588438587,2640118823,-1.6,0.006217337833085459,16414510.642078953,0.0
2018q3,Serviços Imobiliários,133.69528669321437,2587367295,1.1,0.006466459186836068,16731105.014471937,0.0
2018q4,Serviços Imobiliários,137.9588635089006,2491772963,-0.5,0.006236252204180525,15539324.632826189,0.0
2019q1,Serviços Imobiliários,138.28332499917352,2532575122,-0.9,0.00631399253190248,15990660.40679001,0.0
2019q2,Serviços Imobiliários,143.37802169549033,2565062774,0.6,0.006082050242760771,15600840.667303316,0.0
2019q3,Serviços Imobiliários,138.30819123123985,2376642871,0.2,0.006191928886836004,14716003.646637755,0.0
2019q4,Serviços Imobiliários,142.6404342639497,2503083604,0.1,0.005938676994559661,14865005.014534283,0.0
2020q1,Serviços Imobiliários,148.08496042197402,2357524519,-1.9,0.00594341290256289,14011741.644332971,16.942967032967033
2020q2,Serviços Imobiliários,159.0317124338443,2014228419,-11.8,0.006127906295412199,12343003.00918826,77.64978021978023
2020q3,Serviços Imobiliários,144.0613903896946,2690365501,15.4,0.007035106858480396,18927008.787904147,73.7641304347826
2020q4,Serviços Imobiliários,156.61754245980103,2803870802,2.5,0.006029763337368737,16906677.364618275,61.44369565217391
2021q1,Serviços Imobiliários,138.01465913380142,2671732039,1.7,0.006869323090985418,18352990.588428255,69.496
2021q2,Serviços Imobiliários,148.32025670166064,2580148771,-1.6,0.006323082032596023,16314492.335334811,62.87582417582417
2021q3,Serviços Imobiliários,140.46734639853693,2795427895,-1.1,0.006474640070182727,18099389.462273553,55.25532608695652
2021q4,Serviços Imobiliários,146.3004319573103,2907096620,-2.7,0.006183859930735519,17977078.30319466,51.5175
2022q1,Serviços Imobiliários,140.7246416923033,2938566873,3.3,0.006308955921053293,18539288.87282441,37.565666666666665
2022q2,Serviços Imobiliários,129.79960938625015,3216294182,1.5,0.006654348808768487,21402343.358640715,29.496923076923075
2022q3,Serviços Imobiliários,129.5668030421865,3079200592,0.5,0.006668682159550248,20534210.05354696,24.421739130434784
2022q4,Serviços Imobiliários,133.1740149825458,2866615674,-0.6,0.006587400687607052,18883546.062012754,22.22
2023q1,Serviços Imobiliários,131.05216017396228,2711131832,0.2,0.006743320210494037,18282030.076039325,0.0
2023q2,Serviços Imobiliários,132.63079572268916,2544826275,0.9,0.0067632303504057125,17211246.299589913,0.0
2023q3,Serviços Imobiliários,134.94213354398735,2556798065,0.7,0.006778742264191022,17331875.104217324,0.0
2023q4,Serviços Imobiliários,125.66374005299424,2532091527,1.5,0.007170502447004173,18156368.490392033,0.0
2024q1,Serviços Imobiliários,125.4738107776613,2844413599,0.6,0.00718889641224893,20448194.716803167,0.0
2024q2,Serviços Imobiliários,125.27461479633968,2904596545,0.5,0.0072043117939731005,20925619.14587702,0.0
2024q3,Serviços Imobiliários,131.07973204022443,3303829108,0.7,0.006968169497067275,23021641.213888586,0.0
2024q4,Serviços Imobiliários,127.48320689366145,2902963725,0.4,0.007126740708793915,20688669.755109526,0.0
2025q1,Serviços Imobiliários,121.48920125554164,2941039990,0.1,0.007321878653766026,21533937.922653247,0.0
2025q2,Serviços Imobiliários,122.78030395832128,2751417297,0.6,0.007239999732427874,19920260.494077425,0.0
2025q3,Serviços Imobiliários,117.5559158348158,3149891124,0.6,0.0076450236592363364,24080992.166998535,0.0
2025q4,Serviços Imobiliários,112.96185152126372,3374316549,-0.7,,,0.0
2012q1,Transporte,8.098424795303348,2521234716,0.3,0.04633192005823817,116813645.30976681,0.0
2012q2,Transporte,8.318035811221966,2675921818,-2.1,0.04611658381630103,123404372.80566563,0.0
2012q3,Transporte,8.9328736573766,2696978633,1.5,0.04619716471533956,124592766.14245231,0.0
2012q4,Transporte,8.413826642197272,2382736204,-0.9,0.04787322283296856,114069261.24627364,0.0
2013q1,Transporte,7.920767208307253,2522363070,0.3,0.04784202334452236,120674952.87830108,0.0
2013q2,Transporte,8.506449215751456,3176400693,2.9,0.04793628287209084,152264842.13475338,0.0
2013q3,Transporte,8.931665295418062,2943923956,0.5,0.0467825702393684,137724329.2509293,0.0
2013q4,Transporte,8.88039669197459,2998328309,-0.8,0.046285624776520345,138779499.06719276,0.0
2014q1,Transporte,8.61706218186567,2901354986,0.1,0.046048373719950825,133602678.6895707,0.0
2014q2,Transporte,8.647381288364924,2947831109,-2.5,0.04651845123630488,137128537.69687903,0.0
2014q3,Transporte,9.458415075209835,2886697965,-0.5,0.04528082525005706,130712066.10286033,0.0
2014q4,Transporte,9.048438524411138,2992885811,0.8,0.046411520347801535,138904380.715873,0.0
2015q1,Transporte,8.260098261772711,2787749436,-2.1,0.0471888674581512,131550738.64193976,0.0
2015q2,Transporte,8.368347537362474,2114583712,-2.8,0.04685664335705396,99082294.8418193,0.0
2015q3,Transporte,8.86015721011828,1823807966,-2.0,0.046814764831212316,85381141.02558167,0.0
2015q4,Transporte,8.242262476321207,1654338141,-1.7,0.04928877852761746,81540306.24153939,0.0
2016q1,Transporte,7.685418077744671,1630658015,-0.2,0.0498369153424758,81266965.44608463,0.0
2016q2,Transporte,7.837977469965152,1819934791,-0.6,0.04989317278491717,90802320.98464513,0.0
2016q3,Transporte,8.061513084111011,1832561168,-1.0,0.05037559007569093,92316350.18779738,0.0
2016q4,Transporte,7.616464052326727,2126829656,-1.7,0.051452207575381596,109430080.93798943,0.0
2017q1,Transporte,7.576726706173601,2182272475,0.9,0.05098067474297972,111253723.24853235,0.0
2017q2,Transporte,7.66345231205518,2291272951,0.3,0.051534919498948964,118080567.07990423,0.0
2017q3,Transporte,8.078574747848693,2452100304,0.3,0.05091796261472043,124855951.6066166,0.0
2017q4,Transporte,8.054602030450665,2647083792,1.1,0.049850396189198856,131958175.77720685,0.0
2018q1,Transporte,7.572155134132371,2489705612,0.5,0.05127020611524199,127647719.8935147,0.0
2018q2,Transporte,7.57545479747281,2640118823,-1.6,0.051452597150934816,135840970.2304192,0.0
2018q3,Transporte,8.221972659919711,2587367295,1.1,0.05007498455364291,129562377.33172585,0.0
2018q4,Transporte,7.729694442583289,2491772963,-0.5,0.05164727219621856,128693276.47123905,0.0
2019q1,Transporte,7.339843410145462,2532575122,-0.9,0.052481465350817845,132913253.51358628,0.0
2019q2,Transporte,7.290930843652302,2565062774,0.6,0.05249387139474107,134650075.3777938,0.0
2019q3,Transporte,7.656018632323995,2376642871,0.2,0.05232211000735316,124350969.74465364,0.0
2019q4,Transporte,7.343335742157271,2503083604,0.1,0.05221418595909811,130696472.7704255,0.0
2020q1,Transporte,6.868686277549541,2357524519,-1.9,0.05327299574404441,125592393.66716735,16.942967032967033
2020q2,Transporte,6.2016590001219445,2014228419,-11.8,0.05299588406410605,106745815.77195162,77.64978021978023
2020q3,Transporte,7.529530474321019,2690365501,15.4,0.051072422618347386,137403483.86489388,73.7641304347826
2020q4,Transporte,7.661222326585646,2803870802,2.5,0.050595961166550595,141864538.21401706,61.44369565217391
2021q1,Transporte,7.292865420053443,2671732039,1.7,0.05179313520501551,138377378.72749877,69.496
2021q2,Transporte,7.24315999594775,2580148771,-1.6,0.05212855787166195,134499434.52657095,62.87582417582417
2021q3,Transporte,7.264625417156353,2795427895,-1.1,0.05166849416327425,144435549.87666154,55.25532608695652
2021q4,Transporte,7.203547629807361,2907096620,-2.7,0.05075080326546502,147537488.63531834,51.5175
2022q1,Transporte,7.119055846922645,2938566873,3.3,0.0522897180963448,153656833.39642745,37.565666666666665
2022q2,Transporte,7.139442935117776,3216294182,1.5,0.05211365228005973,167612836.63112715,29.496923076923075
2022q3,Transporte,7.285938844752196,3079200592,0.5,0.05278123352726715,162524005.52365127,24.421739130434784
2022q4,Transporte,7.109169704070152,2866615674,-0.6,0.053742540848798113,154059209.95774993,22.22
2023q1,Transporte,6.944586699074939,2711131832,0.2,0.05494849726649701,148972620.05976504,0.0
2023q2,Transporte,7.231692115789653,2544826275,0.9,0.053987231395376534,137388124.96945912,0.0
2023q3,Transporte,7.222097776947261,2556798065,0.7,0.054717880075528295,139902569.8980128,0.0
2023q4,Transporte,6.670098921966591,2532091527,1.5,0.05646607614562123,142977272.97126433,0.0
2024q1,Transporte,6.5334740076224005,2844413599,0.6,0.056857623909920135,161726598.65620437,0.0
2024q2,Transporte,6.736764480539492,2904596545,0.5,0.05639975680391169,163818538.75148213,0.0
2024q3,Transporte,6.981416866600834,3303829108,0.7,0.05545814530326902,183224234.72863367,0.0
2024q4,Transporte,6.586140581112395,2902963725,0.4,0.05778076371421389,167735461.06515917,0.0
2025q1,Transporte,6.342872666716435,2941039990,0.1,0.05789146013762101,170261099.3442343,0.0
2025q2,Transporte,6.453045767077026,2751417297,0.6,0.05809703864087127,159849197.02097058,0.0
2025q3,Transporte,6.872321288424383,3149891124,0.6,0.058138950351990695,183131363.67241216,0.0
2025q4,Transporte,6.533907413385637,3374316549,-0.7,,,0.0
