Trimestre_Cod,Setor_Cod,Setor_Nome,VAB_Indice_Volume
201201,90697,Comércio,0.7
201201,90698,"Transporte, armazenagem e correio",-0.8
201201,90699,Informação e comunicação,2.0
201201,90700,"Atividades financeiras, de seguros e serviços relacionados",-0.3
201201,90702,Atividades imobiliárias,1.8
201201,90701,Outras atividades de serviços,0.7
201201,90703,"Administração, saúde e educação públicas e seguridade social",-0.5
201202,90697,Comércio,1.1
201202,90698,"Transporte, armazenagem e correio",1.0
201202,90699,Informação e comunicação,1.2
201202,90700,"Atividades financeiras, de seguros e serviços relacionados",-0.3
201202,90702,Atividades imobiliárias,2.7
201202,90701,Outras atividades de serviços,1.7
201202,90703,"Administração, saúde e educação públicas e seguridade social",1.9
201203,90697,Comércio,1.6
201203,90698,"Transporte, armazenagem e correio",3.8
201203,90699,Informação e comunicação,3.6
201203,90700,"Atividades financeiras, de seguros e serviços relacionados",0.0
201203,90702,Atividades imobiliárias,0.8
201203,90701,Outras atividades de serviços,1.1
201203,90703,"Administração, saúde e educação públicas e seguridade social",-0.7
201204,90697,Comércio,0.1
201204,90698,"Transporte, armazenagem e correio",-1.6
201204,90699,Informação e comunicação,1.6
201204,90700,"Atividades financeiras, de seguros e serviços relacionados",1.5
201204,90702,Atividades imobiliárias,0.7
201204,90701,Outras atividades de serviços,1.8
201204,90703,"Administração, saúde e educação públicas e seguridade social",0.1
201301,90697,Comércio,0.7
201301,90698,"Transporte, armazenagem e correio",-1.0
201301,90699,Informação e comunicação,-1.4
201301,90700,"Atividades financeiras, de seguros e serviços relacionados",-0.7
201301,90702,Atividades imobiliárias,2.8
201301,90701,Outras atividades de serviços,-1.6
201301,90703,"Administração, saúde e educação públicas e seguridade social",1.9
201302,90697,Comércio,1.9
201302,90698,"Transporte, armazenagem e correio",4.7
201302,90699,Informação e comunicação,1.9
201302,90700,"Atividades financeiras, de seguros e serviços relacionados",2.7
201302,90702,Atividades imobiliárias,0.6
201302,90701,Outras atividades de serviços,0.2
201302,90703,"Administração, saúde e educação públicas e seguridade social",-0.1
201303,90697,Comércio,0.4
201303,90698,"Transporte, armazenagem e correio",-1.0
201303,90699,Informação e comunicação,-0.8
201303,90700,"Atividades financeiras, de seguros e serviços relacionados",-0.2
201303,90702,Atividades imobiliárias,0.6
201303,90701,Outras atividades de serviços,1.5
201303,90703,"Administração, saúde e educação públicas e seguridade social",0.8
201304,90697,Comércio,-0.1
201304,90698,"Transporte, armazenagem e correio",-0.6
201304,90699,Informação e comunicação,4.4
201304,90700,"Atividades financeiras, de seguros e serviços relacionados",-1.6
201304,90702,Atividades imobiliárias,0.3
201304,90701,Outras atividades de serviços,1.3
201304,90703,"Administração, saúde e educação públicas e seguridade social",0.1
201401,90697,Comércio,1.9
201401,90698,"Transporte, armazenagem e correio",1.2
201401,90699,Informação e comunicação,0.9
201401,90700,"Atividades financeiras, de seguros e serviços relacionados",0.5
201401,90702,Atividades imobiliárias,0.1
201401,90701,Outras atividades de serviços,0.8
201401,90703,"Administração, saúde e educação públicas e seguridade social",-0.7
201402,90697,Comércio,-3.2
201402,90698,"Transporte, armazenagem e correio",-0.8
201402,90699,Informação e comunicação,1.1
201402,90700,"Atividades financeiras, de seguros e serviços relacionados",-0.4
201402,90702,Atividades imobiliárias,-0.3
201402,90701,Outras atividades de serviços,-0.5
201402,90703,"Administração, saúde e educação públicas e seguridade social",0.6
201403,90697,Comércio,0.9
201403,90698,"Transporte, armazenagem e correio",1.3
201403,90699,Informação e comunicação,0.2
201403,90700,"Atividades financeiras, de seguros e serviços relacionados",-0.2
201403,90702,Atividades imobiliárias,0.1
201403,90701,Outras atividades de serviços,-0.3
201403,90703,"Administração, saúde e educação públicas e seguridade social",-0.2
201404,90697,Comércio,0.5
201404,90698,"Transporte, armazenagem e correio",0.2
201404,90699,Informação e comunicação,0.4
201404,90700,"Atividades financeiras, de seguros e serviços relacionados",0.0
201404,90702,Atividades imobiliárias,0.7
201404,90701,Outras atividades de serviços,-0.3
201404,90703,"Administração, saúde e educação públicas e seguridade social",0.1
201501,90697,Comércio,-2.3
201501,90698,"Transporte, armazenagem e correio",-2.8
201501,90699,Informação e comunicação,1.0
201501,90700,"Atividades financeiras, de seguros e serviços relacionados",-0.2
201501,90702,Atividades imobiliárias,-0.6
201501,90701,Outras atividades de serviços,-0.9
201501,90703,"Administração, saúde e educação públicas e seguridade social",0.2
201502,90697,Comércio,-4.4
201502,90698,"Transporte, armazenagem e correio",-1.9
201502,90699,Informação e comunicação,-2.4
201502,90700,"Atividades financeiras, de seguros e serviços relacionados",-0.7
201502,90702,Atividades imobiliárias,-0.6
201502,90701,Outras atividades de serviços,-1.6
201502,90703,"Administração, saúde e educação públicas e seguridade social",-0.4
201503,90697,Comércio,-2.6
201503,90698,"Transporte, armazenagem e correio",-0.7
201503,90699,Informação e comunicação,-1.0
201503,90700,"Atividades financeiras, de seguros e serviços relacionados",-0.3
201503,90702,Atividades imobiliárias,0.2
201503,90701,Outras atividades de serviços,-2.5
201503,90703,"Administração, saúde e educação públicas e seguridade social",0.4
201504,90697,Comércio,-2.1
201504,90698,"Transporte, armazenagem e correio",-1.5
201504,90699,Informação e comunicação,-1.3
201504,90700,"Atividades financeiras, de seguros e serviços relacionados",-0.4
201504,90702,Atividades imobiliárias,0.1
201504,90701,Outras atividades de serviços,0.3
201504,90703,"Administração, saúde e educação públicas e seguridade social",0.3
201601,90697,Comércio,-1.8
201601,90698,"Transporte, armazenagem e correio",-1.9
201601,90699,Informação e comunicação,0.5
201601,90700,"Atividades financeiras, de seguros e serviços relacionados",-0.7
201601,90702,Atividades imobiliárias,0.3
201601,90701,Outras atividades de serviços,0.0
201601,90703,"Administração, saúde e educação públicas e seguridade social",-0.9
201602,90697,Comércio,-0.6
201602,90698,"Transporte, armazenagem e correio",-0.8
201602,90699,Informação e comunicação,-0.1
201602,90700,"Atividades financeiras, de seguros e serviços relacionados",-1.7
201602,90702,Atividades imobiliárias,-0.2
201602,90701,Outras atividades de serviços,0.2
201602,90703,"Administração, saúde e educação públicas e seguridade social",1.0
201603,90697,Comércio,-1.0
201603,90698,"Transporte, armazenagem e correio",-2.2
201603,90699,Informação e comunicação,1.1
201603,90700,"Atividades financeiras, de seguros e serviços relacionados",-1.3
201603,90702,Atividades imobiliárias,-0.3
201603,90701,Outras atividades de serviços,-0.4
201603,90703,"Administração, saúde e educação públicas e seguridade social",0.0
201604,90697,Comércio,-0.4
201604,90698,"Transporte, armazenagem e correio",-0.6
201604,90699,Informação e comunicação,-3.8
201604,90700,"Atividades financeiras, de seguros e serviços relacionados",-0.8
201604,90702,Atividades imobiliárias,0.1
201604,90701,Outras atividades de serviços,-0.4
201604,90703,"Administração, saúde e educação públicas e seguridade social",-0.5
201701,90697,Comércio,0.2
201701,90698,"Transporte, armazenagem e correio",1.5
201701,90699,Informação e comunicação,4.1
201701,90700,"Atividades financeiras, de seguros e serviços relacionados",-0.1
201701,90702,Atividades imobiliárias,0.5
201701,90701,Outras atividades de serviços,0.2
201701,90703,"Administração, saúde e educação públicas e seguridade social",-0.1
201702,90697,Comércio,2.7
201702,90698,"Transporte, armazenagem e correio",1.4
201702,90699,Informação e comunicação,-0.7
201702,90700,"Atividades financeiras, de seguros e serviços relacionados",0.7
201702,90702,Atividades imobiliárias,0.8
201702,90701,Outras atividades de serviços,1.2
201702,90703,"Administração, saúde e educação públicas e seguridade social",0.7
201703,90697,Comércio,1.5
201703,90698,"Transporte, armazenagem e correio",0.4
201703,90699,Informação e comunicação,0.3
201703,90700,"Atividades financeiras, de seguros e serviços relacionados",-0.4
201703,90702,Atividades imobiliárias,0.5
201703,90701,Outras atividades de serviços,0.7
201703,90703,"Administração, saúde e educação públicas e seguridade social",0.3
201704,90697,Comércio,0.8
201704,90698,"Transporte, armazenagem e correio",0.6
201704,90699,Informação e comunicação,0.4
201704,90700,"Atividades financeiras, de seguros e serviços relacionados",1.1
201704,90702,Atividades imobiliárias,0.5
201704,90701,Outras atividades de serviços,-0.3
201704,90703,"Administração, saúde e educação públicas e seguridade social",-0.1
201801,90697,Comércio,0.9
201801,90698,"Transporte, armazenagem e correio",0.4
201801,90699,Informação e comunicação,-0.2
201801,90700,"Atividades financeiras, de seguros e serviços relacionados",-0.3
201801,90702,Atividades imobiliárias,1.3
201801,90701,Outras atividades de serviços,1.9
201801,90703,"Administração, saúde e educação públicas e seguridade social",0.1
201802,90697,Comércio,-0.4
201802,90698,"Transporte, armazenagem e correio",-0.9
201802,90699,Informação e comunicação,2.1
201802,90700,"Atividades financeiras, de seguros e serviços relacionados",1.1
201802,90702,Atividades imobiliárias,1.0
201802,90701,Outras atividades de serviços,0.9
201802,90703,"Administração, saúde e educação públicas e seguridade social",-0.3
201803,90697,Comércio,0.3
201803,90698,"Transporte, armazenagem e correio",3.1
201803,90699,Informação e comunicação,0.1
201803,90700,"Atividades financeiras, de seguros e serviços relacionados",-0.3
201803,90702,Atividades imobiliárias,0.7
201803,90701,Outras atividades de serviços,1.1
201803,90703,"Administração, saúde e educação públicas e seguridade social",0.2
201804,90697,Comércio,-0.3
201804,90698,"Transporte, armazenagem e correio",-1.1
201804,90699,Informação e comunicação,0.3
201804,90700,"Atividades financeiras, de seguros e serviços relacionados",-0.7
201804,90702,Atividades imobiliárias,0.9
201804,90701,Outras atividades de serviços,-0.5
201804,90703,"Administração, saúde e educação públicas e seguridade social",-0.8
201901,90697,Comércio,0.4
201901,90698,"Transporte, armazenagem e correio",0.0
201901,90699,Informação e comunicação,2.4
201901,90700,"Atividades financeiras, de seguros e serviços relacionados",1.2
201901,90702,Atividades imobiliárias,0.5
201901,90701,Outras atividades de serviços,2.0
201901,90703,"Administração, saúde e educação públicas e seguridade social",0.6
201902,90697,Comércio,1.2
201902,90698,"Transporte, armazenagem e correio",-0.3
201902,90699,Informação e comunicação,0.9
201902,90700,"Atividades financeiras, de seguros e serviços relacionados",-0.8
201902,90702,Atividades imobiliárias,1.0
201902,90701,Outras atividades de serviços,0.1
201902,90703,"Administração, saúde e educação públicas e seguridade social",-0.3
201903,90697,Comércio,0.8
201903,90698,"Transporte, armazenagem e correio",0.4
201903,90699,Informação e comunicação,0.7
201903,90700,"Atividades financeiras, de seguros e serviços relacionados",1.3
201903,90702,Atividades imobiliárias,0.0
201903,90701,Outras atividades de serviços,0.0
201903,90703,"Administração, saúde e educação públicas e seguridade social",-0.6
201904,90697,Comércio,0.3
201904,90698,"Transporte, armazenagem e correio",-1.2
201904,90699,Informação e comunicação,0.3
201904,90700,"Atividades financeiras, de seguros e serviços relacionados",0.8
201904,90702,Atividades imobiliárias,-0.4
201904,90701,Outras atividades de serviços,1.3
201904,90703,"Administração, saúde e educação públicas e seguridade social",0.3
202001,90697,Comércio,0.2
202001,90698,"Transporte, armazenagem e correio",-3.2
202001,90699,Informação e comunicação,2.0
202001,90700,"Atividades financeiras, de seguros e serviços relacionados",-0.8
202001,90702,Atividades imobiliárias,1.1
202001,90701,Outras atividades de serviços,-3.3
202001,90703,"Administração, saúde e educação públicas e seguridade social",-0.9
202002,90697,Comércio,-13.7
202002,90698,"Transporte, armazenagem e correio",-19.8
202002,90699,Informação e comunicação,-4.3
202002,90700,"Atividades financeiras, de seguros e serviços relacionados",4.0
202002,90702,Atividades imobiliárias,0.2
202002,90701,Outras atividades de serviços,-16.6
202002,90703,"Administração, saúde e educação públicas e seguridade social",-7.8
202003,90697,Comércio,15.9
202003,90698,"Transporte, armazenagem e correio",10.5
202003,90699,Informação e comunicação,2.7
202003,90700,"Atividades financeiras, de seguros e serviços relacionados",0.6
202003,90702,Atividades imobiliárias,0.7
202003,90701,Outras atividades de serviços,8.9
202003,90703,"Administração, saúde e educação públicas e seguridade social",3.2
202004,90697,Comércio,3.2
202004,90698,"Transporte, armazenagem e correio",6.8
202004,90699,Informação e comunicação,4.6
202004,90700,"Atividades financeiras, de seguros e serviços relacionados",-1.1
202004,90702,Atividades imobiliárias,0.7
202004,90701,Outras atividades de serviços,6.2
202004,90703,"Administração, saúde e educação públicas e seguridade social",2.5
202101,90697,Comércio,-0.2
202101,90698,"Transporte, armazenagem e correio",2.1
202101,90699,Informação e comunicação,4.5
202101,90700,"Atividades financeiras, de seguros e serviços relacionados",-0.6
202101,90702,Atividades imobiliárias,0.6
202101,90701,Outras atividades de serviços,1.6
202101,90703,"Administração, saúde e educação públicas e seguridade social",0.1
202102,90697,Comércio,-1.7
202102,90698,"Transporte, armazenagem e correio",-0.9
202102,90699,Informação e comunicação,4.8
202102,90700,"Atividades financeiras, de seguros e serviços relacionados",-0.6
202102,90702,Atividades imobiliárias,0.2
202102,90701,Outras atividades de serviços,1.2
202102,90703,"Administração, saúde e educação públicas e seguridade social",0.6
202103,90697,Comércio,0.2
202103,90698,"Transporte, armazenagem e correio",0.6
202103,90699,Informação e comunicação,1.5
202103,90700,"Atividades financeiras, de seguros e serviços relacionados",-1.0
202103,90702,Atividades imobiliárias,-0.1
202103,90701,Outras atividades de serviços,4.6
202103,90703,"Administração, saúde e educação públicas e seguridade social",1.1
202104,90697,Comércio,0.6
202104,90698,"Transporte, armazenagem e correio",2.4
202104,90699,Informação e comunicação,3.1
202104,90700,"Atividades financeiras, de seguros e serviços relacionados",1.6
202104,90702,Atividades imobiliárias,1.0
202104,90701,Outras atividades de serviços,0.6
202104,90703,"Administração, saúde e educação públicas e seguridade social",1.7
202201,90697,Comércio,-0.4
202201,90698,"Transporte, armazenagem e correio",3.6
202201,90699,Informação e comunicação,-3.0
202201,90700,"Atividades financeiras, de seguros e serviços relacionados",-1.9
202201,90702,Atividades imobiliárias,-0.4
202201,90701,Outras atividades de serviços,4.5
202201,90703,"Administração, saúde e educação públicas e seguridade social",0.4
202202,90697,Comércio,1.6
202202,90698,"Transporte, armazenagem e correio",1.9
202202,90699,Informação e comunicação,2.8
202202,90700,"Atividades financeiras, de seguros e serviços relacionados",-0.2
202202,90702,Atividades imobiliárias,0.9
202202,90701,Outras atividades de serviços,3.1
202202,90703,"Administração, saúde e educação públicas e seguridade social",-1.5
202203,90697,Comércio,0.1
202203,90698,"Transporte, armazenagem e correio",1.5
202203,90699,Informação e comunicação,3.1
202203,90700,"Atividades financeiras, de seguros e serviços relacionados",2.0
202203,90702,Atividades imobiliárias,0.9
202203,90701,Outras atividades de serviços,2.3
202203,90703,"Administração, saúde e educação públicas e seguridade social",1.2
202204,90697,Comércio,-0.2
202204,90698,"Transporte, armazenagem e correio",1.3
202204,90699,Informação e comunicação,1.9
202204,90700,"Atividades financeiras, de seguros e serviços relacionados",1.4
202204,90702,Atividades imobiliárias,1.0
202204,90701,Outras atividades de serviços,0.2
202204,90703,"Administração, saúde e educação públicas e seguridade social",-0.5
202301,90697,Comércio,0.3
202301,90698,"Transporte, armazenagem e correio",0.2
202301,90699,Informação e comunicação,-1.6
202301,90700,"Atividades financeiras, de seguros e serviços relacionados",3.0
202301,90702,Atividades imobiliárias,0.3
202301,90701,Outras atividades de serviços,-0.1
202301,90703,"Administração, saúde e educação públicas e seguridade social",1.1
202302,90697,Comércio,0.3
202302,90698,"Transporte, armazenagem e correio",1.2
202302,90699,Informação e comunicação,1.0
202302,90700,"Atividades financeiras, de seguros e serviços relacionados",1.3
202302,90702,Atividades imobiliárias,0.6
202302,90701,Outras atividades de serviços,0.8
202302,90703,"Administração, saúde e educação públicas e seguridade social",0.7
202303,90697,Comércio,0.2
202303,90698,"Transporte, armazenagem e correio",-1.2
202303,90699,Informação e comunicação,0.1
202303,90700,"Atividades financeiras, de seguros e serviços relacionados",1.7
202303,90702,Atividades imobiliárias,1.1
202303,90701,Outras atividades de serviços,0.8
202303,90703,"Administração, saúde e educação públicas e seguridade social",0.2
202304,90697,Comércio,-0.5
202304,90698,"Transporte, armazenagem e correio",-1.1
202304,90699,Informação e comunicação,0.8
202304,90700,"Atividades financeiras, de seguros e serviços relacionados",1.9
202304,90702,Atividades imobiliárias,0.6
202304,90701,Outras atividades de serviços,1.4
202304,90703,"Administração, saúde e educação públicas e seguridade social",-0.1
202401,90697,Comércio,2.7
202401,90698,"Transporte, armazenagem e correio",2.0
202401,90699,Informação e comunicação,2.6
202401,90700,"Atividades financeiras, de seguros e serviços relacionados",0.9
202401,90702,Atividades imobiliárias,1.1
202401,90701,Outras atividades de serviços,1.3
202401,90703,"Administração, saúde e educação públicas e seguridade social",0.2
202402,90697,Comércio,1.3
202402,90698,"Transporte, armazenagem e correio",0.4
202402,90699,Informação e comunicação,1.7
202402,90700,"Atividades financeiras, de seguros e serviços relacionados",1.5
202402,90702,Atividades imobiliárias,0.7
202402,90701,Outras atividades de serviços,1.5
202402,90703,"Administração, saúde e educação públicas e seguridade social",1.2
202403,90697,Comércio,0.5
202403,90698,"Transporte, armazenagem e correio",0.4
202403,90699,Informação e comunicação,2.5
202403,90700,"Atividades financeiras, de seguros e serviços relacionados",1.7
202403,90702,Atividades imobiliárias,0.7
202403,90701,Outras atividades de serviços,1.6
202403,90703,"Administração, saúde e educação públicas e seguridade social",0.4
202404,90697,Comércio,0.2
202404,90698,"Transporte, armazenagem e correio",0.8
202404,90699,Informação e comunicação,-0.5
202404,90700,"Atividades financeiras, de seguros e serviços relacionados",-0.4
202404,90702,Atividades imobiliárias,0.1
202404,90701,Outras atividades de serviços,-0.3
202404,90703,"Administração, saúde e educação públicas e seguridade social",-0.3
202501,90697,Comércio,0.4
202501,90698,"Transporte, armazenagem e correio",-0.4
202501,90699,Informação e comunicação,2.9
202501,90700,"Atividades financeiras, de seguros e serviços relacionados",0.6
202501,90702,Atividades imobiliárias,0.4
202501,90701,Outras atividades de serviços,0.6
202501,90703,"Administração, saúde e educação públicas e seguridade social",0.3
202502,90697,Comércio,-0.1
202502,90698,"Transporte, armazenagem e correio",1.0
202502,90699,Informação e comunicação,1.4
202502,90700,"Atividades financeiras, de seguros e serviços relacionados",1.3
202502,90702,Atividades imobiliárias,0.8
202502,90701,Outras atividades de serviços,0.7
202502,90703,"Administração, saúde e educação públicas e seguridade social",-0.1
202503,90697,Comércio,0.4
202503,90698,"Transporte, armazenagem e correio",2.6
202503,90699,Informação e comunicação,1.3
202503,90700,"Atividades financeiras, de seguros e serviços relacionados",-0.7
202503,90702,Atividades imobiliárias,0.6
202503,90701,Outras atividades de serviços,0.1
202503,90703,"Administração, saúde e educação públicas e seguridade social",0.4
202504,90697,Comércio,-0.3
202504,90698,"Transporte, armazenagem e correio",-1.4
202504,90699,Informação e comunicação,1.5
202504,90700,"Atividades financeiras, de seguros e serviços relacionados",3.3
202504,90702,Atividades imobiliárias,0.2
202504,90701,Outras atividades de serviços,0.7
202504,90703,"Administração, saúde e educação públicas e seguridade social",0.4
